Arquivo	Registros	Tempo
201407_BolsaFamiliaFolhaPagamento.csv	14389582	303.775658007
201408_BolsaFamiliaFolhaPagamento.csv	14131123	302.834244553
201409_BolsaFamiliaFolhaPagamento.csv	14143630	305.339250266
201410_BolsaFamiliaFolhaPagamento.csv	14076919	296.565278635
201411_BolsaFamiliaFolhaPagamento.csv	14109947	296.520627565
201412_BolsaFamiliaFolhaPagamento.csv	14054243	287.331546388
201501_BolsaFamiliaFolhaPagamento.csv	14026988	295.583441687
201502_BolsaFamiliaFolhaPagamento.csv	14042558	300.673936943
201503_BolsaFamiliaFolhaPagamento.csv	14004026	282.940452229
201504_BolsaFamiliaFolhaPagamento.csv	13787678	279.792946448
201505_BolsaFamiliaFolhaPagamento.csv	13779988	289.848982623
201506_BolsaFamiliaFolhaPagamento.csv	13753665	300.050423366
201507_BolsaFamiliaFolhaPagamento.csv	13861879	292.84098904
201508_BolsaFamiliaFolhaPagamento.csv	13823829	285.222781882
201509_BolsaFamiliaFolhaPagamento.csv	13912767	291.643685867
201510_BolsaFamiliaFolhaPagamento.csv	14002752	292.733988685
201511_BolsaFamiliaFolhaPagamento.csv	13815096	295.735451261
201512_BolsaFamiliaFolhaPagamento.csv	13980491	311.402064941
201601_BolsaFamiliaFolhaPagamento.csv	14020581	301.136344238
201602_BolsaFamiliaFolhaPagamento.csv	14008965	300.132115954
201603_BolsaFamiliaFolhaPagamento.csv	13868458	288.08037602
201604_BolsaFamiliaFolhaPagamento.csv	13932487	289.514147296
201605_BolsaFamiliaFolhaPagamento.csv	13872465	285.083531198
201606_BolsaFamiliaFolhaPagamento.csv	13849866	310.444337871
