SELECT sum(valor) FROM dados WHERE uf+AD0-'AC'+ADs-13,571051714+ADs-13,995837802+ADs-13,631196165+ADs-13,977441098+ADs-14,067406982+ADs-13,45134045+ADs-13,505408304+ADs-13,804445133+ADs-14,494195193+ADs-13,753310811+ADs-+ADs-13,8251633652+ADs-13,7882622511
SELECT sum(valor) FROM dados WHERE uf+AD0-'DF'+ADs-5,913684563+ADs-5,505243431+ADs-5,460542559+ADs-5,462094753+ADs-5,471353147+ADs-5,482214488+ADs-5,460307198+ADs-5,476904962+ADs-5,44768602+ADs-5,460762578+ADs-+ADs-5,5140793699+ADs-5,4724278895
SELECT sum(valor) FROM dados WHERE uf+AD0-'MG'+ADs-76,033438163+ADs-73,099458277+ADs-73,107104467+ADs-73,273961851+ADs-73,133706158+ADs-73,368243465+ADs-73,209244443+ADs-73,407665013+ADs-73,247719345+ADs-73,211363554+ADs-+ADs-73,5091904736+ADs-73,244876037
SELECT sum(valor) FROM dados WHERE uf+AD0-'PB'+ADs-34,9392648+ADs-33,600362083+ADs-33,618421936+ADs-33,650095963+ADs-33,629184072+ADs-33,804600018+ADs-33,686189038+ADs-33,783378877+ADs-33,65791444+ADs-33,69783925+ADs-+ADs-33,8067250477+ADs-33,6909529493
SELECT sum(valor) FROM dados WHERE uf+AD0-'SC'+ADs-24,706727942+ADs-25,809983688+ADs-25,343310366+ADs-24,489823539+ADs-25,9223669+ADs-24,961417487+ADs-25,630340835+ADs-26,3358919+ADs-27,169083204+ADs-26,307980194+ADs-+ADs-25,6676926055+ADs-25,627252414
SELECT sum(valor) as valor FROM bolsa+AF8-familia.dados WHERE uf IN ('RJ', 'AM')+ADs-119,165014012+ADs-118,346087011+ADs-116,914691269+ADs-117,377405215+ADs-117,430177502+ADs-116,943749607+ADs-116,684081467+ADs-118,399155236+ADs-116,813583229+ADs-119,252606293+ADs-+ADs-117,7326550841+ADs-117,6737328851
SELECT sum(valor) as valor FROM bolsa+AF8-familia.dados WHERE uf+AD0-'SP' AND periodo+AD0-'2016+AC0-05+AC0-01'+ADs-3,955887489+ADs-3,939242029+ADs-3,930719931+ADs-3,950342156+ADs-3,934240541+ADs-3,955331226+ADs-3,9440288+ADs-3,951545678+ADs-3,953504079+ADs-3,942515464+ADs-+ADs-3,9457357393+ADs-3,9463437466
SELECT avg(valor) FROM bolsa+AF8-familia.dados WHERE periodo +AD0- '2016+AC0-01+AC0-01' ALLOW FILTERING+ADs-119,875610516+ADs-118,798820206+ADs-117,600606647+ADs-117,280757799+ADs-120,898511372+ADs-119,148242159+ADs-120,646725405+ADs-118,514350385+ADs-118,066772825+ADs-117,736699389+ADs-+ADs-118,8567096703+ADs-118,7984784415
SELECT +ACo- FROM dados WHERE uf +AD0- 'RN' AND periodo +AD0- '2015+AC0-07+AC0-01' AND valor +AD0- 77 AND nis+AF8-favorecido +AD0- 00020420391414+ADs-0,04872041+ADs-0,002236995+ADs-0,002272048+ADs-0,012054178+ADs-0,004816556+ADs-0,003245513+ADs-0,002463701+ADs-0,003196465+ADs-0,002741301+ADs-0,005319752+ADs-+ADs-0,0087066919+ADs-0,0045136893
SELECT +ACo- FROM dados WHERE uf +AD0- 'PE' AND periodo +AD0- '2015+AC0-09+AC0-01' AND valor +AD0- 35 AND nis+AF8-favorecido +AD0- 00023698153404+ADs-0,059985865+ADs-0,002825308+ADs-0,002860321+ADs-0,002651946+ADs-0,003780257+ADs-0,002717557+ADs-0,002233194+ADs-0,002895079+ADs-0,001834039+ADs-0,001575558+ADs-+ADs-0,0083359124+ADs-0,0027247126
SELECT +ACo- FROM dados WHERE uf +AD0- 'CE' AND periodo +AD0- '2015+AC0-10+AC0-01' AND valor +AD0- 112 AND nis+AF8-favorecido +AD0- 00020952340997+ADs-0,02001557+ADs-0,002876767+ADs-0,002279762+ADs-0,004827695+ADs-0,003256877+ADs-0,002497933+ADs-0,002184751+ADs-0,00199168+ADs-0,00213756+ADs-0,001843464+ADs-+ADs-0,0043912059+ADs-0,0027566281
SELECT +ACo- FROM dados WHERE uf +AD0- 'RJ' AND periodo +AD0- '2015+AC0-11+AC0-01' AND valor +AD0- 79 AND nis+AF8-favorecido +AD0- 00010751866684+ADs-0,002199352+ADs-0,002120142+ADs-0,001678183+ADs-0,002226593+ADs-0,003134949+ADs-0,002727347+ADs-0,002178482+ADs-0,001442346+ADs-0,001740543+ADs-0,001460294+ADs-+ADs-0,0020908231+ADs-0,002041367
SELECT +ACo- FROM dados WHERE uf +AD0- 'MT' AND periodo +AD0- '2015+AC0-12+AC0-01' AND valor +AD0- 35 AND nis+AF8-favorecido +AD0- 00016547494560+ADs-0,011915977+ADs-0,001779684+ADs-0,001656255+ADs-0,002686936+ADs-0,002736585+ADs-0,002695584+ADs-0,001754583+ADs-0,001438141+ADs-0,001483205+ADs-0,001334921+ADs-+ADs-0,0029481871+ADs-0,0020288716
SELECT +ACo- FROM dados WHERE uf +AD0- 'RS' AND periodo +AD0- '2016+AC0-01+AC0-01' AND valor +AD0- 77 AND nis+AF8-favorecido +AD0- 00016540177012+ADs-0,008622879+ADs-0,002213627+ADs-0,002639813+ADs-0,002367876+ADs-0,002489633+ADs-0,003795504+ADs-0,001882437+ADs-0,001969072+ADs-0,001986888+ADs-0,001908107+ADs-+ADs-0,0029875836+ADs-0,002421315
SELECT +ACo- FROM dados WHERE uf +AD0- 'BA' AND periodo +AD0- '2016+AC0-02+AC0-01' AND valor +AD0- 155 AND nis+AF8-favorecido +AD0- 00016457367888+ADs-0,008954268+ADs-0,0055012+ADs-0,001656647+ADs-0,001846536+ADs-0,002310414+ADs-0,00151298+ADs-0,00136799+ADs-0,00124924+ADs-0,001358267+ADs-0,001258475+ADs-+ADs-0,0027016017+ADs-0,0021015636
SELECT +ACo- FROM dados WHERE uf +AD0- 'SP' AND periodo +AD0- '2016+AC0-03+AC0-01' AND valor +AD0- 147 AND nis+AF8-favorecido +AD0- 00021208322062+ADs-0,007073271+ADs-0,00188398+ADs-0,00154922+ADs-0,011927287+ADs-0,002334357+ADs-0,001425582+ADs-0,001330176+ADs-0,001240921+ADs-0,0012035+ADs-0,001339088+ADs-+ADs-0,0031307382+ADs-0,0022720744
SELECT +ACo- FROM dados WHERE uf +AD0- 'MG' AND periodo +AD0- '2016+AC0-05+AC0-01' AND valor +AD0- 156 AND nis+AF8-favorecido +AD0- 00020407769654+ADs-0,001694316+ADs-0,006235435+ADs-0,001443464+ADs-0,00606269+ADs-0,001992532+ADs-0,001340634+ADs-0,001242699+ADs-0,001091304+ADs-0,001690607+ADs-0,001199755+ADs-+ADs-0,0023993436+ADs-0,0020833371
SELECT +ACo- FROM dados WHERE uf +AD0- 'AL' AND periodo +AD0- '2016+AC0-06+AC0-01' AND valor +AD0- 77 AND nis+AF8-favorecido +AD0- 00017044198056+ADs-0,00193301+ADs-0,002020502+ADs-0,002061451+ADs-0,001771056+ADs-0,001531591+ADs-0,001516731+ADs-0,001305869+ADs-0,001244402+ADs-0,001405047+ADs-0,001201874+ADs-+ADs-0,0015991533+ADs-0,001591026
SELECT count(+ACo-) FROM dados WHERE uf +AD0- 'AC' AND periodo +AD0- '2016+AC0-02+AC0-01' AND valor +ADw- 150+ADs-0,210730085+ADs-0,170068817+ADs-0,213023056+ADs-0,214192025+ADs-0,17096653+ADs-0,181326875+ADs-0,180041485+ADs-0,193163547+ADs-0,183432418+ADs-0,179203946+ADs-+ADs-0,1896148784+ADs-0,1889859928
