Arquivo	Registros	Tempo
201407_BolsaFamiliaFolhaPagamento.csv	14389582	295.034257887
201408_BolsaFamiliaFolhaPagamento.csv	14131123	288.997146201
201409_BolsaFamiliaFolhaPagamento.csv	14143630	288.57072726
201410_BolsaFamiliaFolhaPagamento.csv	14076919	290.085544235
201411_BolsaFamiliaFolhaPagamento.csv	14109947	281.583649162
201412_BolsaFamiliaFolhaPagamento.csv	14054243	290.460113747
201501_BolsaFamiliaFolhaPagamento.csv	14026988	281.79072001
201502_BolsaFamiliaFolhaPagamento.csv	14042558	286.879427684
201503_BolsaFamiliaFolhaPagamento.csv	14004026	281.281888861
201504_BolsaFamiliaFolhaPagamento.csv	13787678	279.269198291
201505_BolsaFamiliaFolhaPagamento.csv	13779988	286.219638234
201506_BolsaFamiliaFolhaPagamento.csv	13753665	287.593166459
201507_BolsaFamiliaFolhaPagamento.csv	13861879	288.858066817
201508_BolsaFamiliaFolhaPagamento.csv	13823829	274.629674448
201509_BolsaFamiliaFolhaPagamento.csv	13912767	280.684307838
201510_BolsaFamiliaFolhaPagamento.csv	14002752	304.170675374
201511_BolsaFamiliaFolhaPagamento.csv	13815096	301.363410146
201512_BolsaFamiliaFolhaPagamento.csv	13980491	281.633076025
201601_BolsaFamiliaFolhaPagamento.csv	14020581	286.425188636
201602_BolsaFamiliaFolhaPagamento.csv	14008965	286.999063723
201603_BolsaFamiliaFolhaPagamento.csv	13868458	291.695125535
201604_BolsaFamiliaFolhaPagamento.csv	13932487	301.284108157
201605_BolsaFamiliaFolhaPagamento.csv	13872465	301.668268722
201606_BolsaFamiliaFolhaPagamento.csv	13849866	292.905345665

Arquivo	Registros	Tempo
201407_BolsaFamiliaFolhaPagamento.csv	14389582	286.305763699
201408_BolsaFamiliaFolhaPagamento.csv	14131123	289.06132667
201409_BolsaFamiliaFolhaPagamento.csv	14143630	287.480687643
201410_BolsaFamiliaFolhaPagamento.csv	14076919	287.340858035
201411_BolsaFamiliaFolhaPagamento.csv	14109947	289.851591907
201412_BolsaFamiliaFolhaPagamento.csv	14054243	304.48047136
201501_BolsaFamiliaFolhaPagamento.csv	14026988	288.740576567
201502_BolsaFamiliaFolhaPagamento.csv	14042558	289.058770507
201503_BolsaFamiliaFolhaPagamento.csv	14004026	289.224578873
201504_BolsaFamiliaFolhaPagamento.csv	13787678	281.355358862
201505_BolsaFamiliaFolhaPagamento.csv	13779988	286.741031148
201506_BolsaFamiliaFolhaPagamento.csv	13753665	287.627611333
201507_BolsaFamiliaFolhaPagamento.csv	13861879	285.665362741
201508_BolsaFamiliaFolhaPagamento.csv	13823829	281.336529644
201509_BolsaFamiliaFolhaPagamento.csv	13912767	279.909602366
201510_BolsaFamiliaFolhaPagamento.csv	14002752	296.101180656
201511_BolsaFamiliaFolhaPagamento.csv	13815096	295.537450366
201512_BolsaFamiliaFolhaPagamento.csv	13980491	288.32476498
201601_BolsaFamiliaFolhaPagamento.csv	14020581	297.164719593
201602_BolsaFamiliaFolhaPagamento.csv	14008965	290.45391996
201603_BolsaFamiliaFolhaPagamento.csv	13868458	297.894630439
201604_BolsaFamiliaFolhaPagamento.csv	13932487	298.426294536
201605_BolsaFamiliaFolhaPagamento.csv	13872465	301.289405328
201606_BolsaFamiliaFolhaPagamento.csv	13849866	299.894966916

Arquivo	Registros	Tempo
201407_BolsaFamiliaFolhaPagamento.csv	14389582	288.751911183
201408_BolsaFamiliaFolhaPagamento.csv	14131123	287.234792679
201409_BolsaFamiliaFolhaPagamento.csv	14143630	286.410483107
201410_BolsaFamiliaFolhaPagamento.csv	14076919	289.575721705
201411_BolsaFamiliaFolhaPagamento.csv	14109947	290.569965403
201412_BolsaFamiliaFolhaPagamento.csv	14054243	295.915226045
201501_BolsaFamiliaFolhaPagamento.csv	14026988	288.016419478
201502_BolsaFamiliaFolhaPagamento.csv	14042558	288.714655472
201503_BolsaFamiliaFolhaPagamento.csv	14004026	287.73597309
201504_BolsaFamiliaFolhaPagamento.csv	13787678	276.617593617
201505_BolsaFamiliaFolhaPagamento.csv	13779988	293.559711384
201506_BolsaFamiliaFolhaPagamento.csv	13753665	289.921614586
201507_BolsaFamiliaFolhaPagamento.csv	13861879	284.914497978
201508_BolsaFamiliaFolhaPagamento.csv	13823829	273.40064136
201509_BolsaFamiliaFolhaPagamento.csv	13912767	282.771446224
201510_BolsaFamiliaFolhaPagamento.csv	14002752	303.045181989
201511_BolsaFamiliaFolhaPagamento.csv	13815096	289.035123028
201512_BolsaFamiliaFolhaPagamento.csv	13980491	287.734176265
201601_BolsaFamiliaFolhaPagamento.csv	14020581	290.186834571
201602_BolsaFamiliaFolhaPagamento.csv	14008965	288.885247163
201603_BolsaFamiliaFolhaPagamento.csv	13868458	294.617788883
201604_BolsaFamiliaFolhaPagamento.csv	13932487	304.879763136
201605_BolsaFamiliaFolhaPagamento.csv	13872465	300.859898455
