Arquivo	Registros	Tempo
201407_BolsaFamiliaFolhaPagamento.csv	14389582	286.347564331
201408_BolsaFamiliaFolhaPagamento.csv	14131123	283.480267807
201409_BolsaFamiliaFolhaPagamento.csv	14143630	278.124528613
201410_BolsaFamiliaFolhaPagamento.csv	14076919	280.968961549
201411_BolsaFamiliaFolhaPagamento.csv	14109947	287.622346973
201412_BolsaFamiliaFolhaPagamento.csv	14054243	290.015720964
201501_BolsaFamiliaFolhaPagamento.csv	14026988	276.955486186
201502_BolsaFamiliaFolhaPagamento.csv	14042558	279.855472345
201503_BolsaFamiliaFolhaPagamento.csv	14004026	278.358471252
201504_BolsaFamiliaFolhaPagamento.csv	13787678	292.712493862
201505_BolsaFamiliaFolhaPagamento.csv	13779988	274.809498044
201506_BolsaFamiliaFolhaPagamento.csv	13753665	277.335064913
201507_BolsaFamiliaFolhaPagamento.csv	13861879	281.803246234
201508_BolsaFamiliaFolhaPagamento.csv	13823829	289.323568378
201509_BolsaFamiliaFolhaPagamento.csv	13912767	284.50788602
201510_BolsaFamiliaFolhaPagamento.csv	14002752	286.700156859
201511_BolsaFamiliaFolhaPagamento.csv	13815096	276.713171681
201512_BolsaFamiliaFolhaPagamento.csv	13980491	282.995964142
201601_BolsaFamiliaFolhaPagamento.csv	14020581	300.655343963
201602_BolsaFamiliaFolhaPagamento.csv	14008965	299.789320852
201603_BolsaFamiliaFolhaPagamento.csv	13868458	296.586378321
201604_BolsaFamiliaFolhaPagamento.csv	13932487	294.989157672
201605_BolsaFamiliaFolhaPagamento.csv	13872465	292.181706139
201606_BolsaFamiliaFolhaPagamento.csv	13849866	275.750106182

Arquivo	Registros	Tempo
201407_BolsaFamiliaFolhaPagamento.csv	14389582	279.961118637
201408_BolsaFamiliaFolhaPagamento.csv	14131123	283.320038406
201409_BolsaFamiliaFolhaPagamento.csv	14143630	282.13945758
201410_BolsaFamiliaFolhaPagamento.csv	14076919	281.45580462
201411_BolsaFamiliaFolhaPagamento.csv	14109947	292.406017953
201412_BolsaFamiliaFolhaPagamento.csv	14054243	291.727613074
201501_BolsaFamiliaFolhaPagamento.csv	14026988	280.968605778
201502_BolsaFamiliaFolhaPagamento.csv	14042558	281.19969109
201503_BolsaFamiliaFolhaPagamento.csv	14004026	284.398098165
201504_BolsaFamiliaFolhaPagamento.csv	13787678	294.878006942
201505_BolsaFamiliaFolhaPagamento.csv	13779988	276.531771057
201506_BolsaFamiliaFolhaPagamento.csv	13753665	278.781432966
201507_BolsaFamiliaFolhaPagamento.csv	13861879	282.785679349
201508_BolsaFamiliaFolhaPagamento.csv	13823829	291.43910725
201509_BolsaFamiliaFolhaPagamento.csv	13912767	289.43806164
201510_BolsaFamiliaFolhaPagamento.csv	14002752	283.357696404
201511_BolsaFamiliaFolhaPagamento.csv	13815096	280.546265688
201512_BolsaFamiliaFolhaPagamento.csv	13980491	284.51259358
201601_BolsaFamiliaFolhaPagamento.csv	14020581	304.694296914
201602_BolsaFamiliaFolhaPagamento.csv	14008965	309.707399549
201603_BolsaFamiliaFolhaPagamento.csv	13868458	305.598001979
201604_BolsaFamiliaFolhaPagamento.csv	13932487	304.678606642
201605_BolsaFamiliaFolhaPagamento.csv	13872465	296.423771676
201606_BolsaFamiliaFolhaPagamento.csv	13849866	293.037861138

Arquivo	Registros	Tempo
201407_BolsaFamiliaFolhaPagamento.csv	14389582	287.147805089
201408_BolsaFamiliaFolhaPagamento.csv	14131123	285.148095635
201409_BolsaFamiliaFolhaPagamento.csv	14143630	283.361115886
201410_BolsaFamiliaFolhaPagamento.csv	14076919	284.689054314
201411_BolsaFamiliaFolhaPagamento.csv	14109947	301.078669009
201412_BolsaFamiliaFolhaPagamento.csv	14054243	292.244460085
201501_BolsaFamiliaFolhaPagamento.csv	14026988	286.86567654
201502_BolsaFamiliaFolhaPagamento.csv	14042558	283.52304747
201503_BolsaFamiliaFolhaPagamento.csv	14004026	285.938581139
201504_BolsaFamiliaFolhaPagamento.csv	13787678	297.639899644
201505_BolsaFamiliaFolhaPagamento.csv	13779988	275.700032554
201506_BolsaFamiliaFolhaPagamento.csv	13753665	281.633319408
201507_BolsaFamiliaFolhaPagamento.csv	13861879	281.88489037
201508_BolsaFamiliaFolhaPagamento.csv	13823829	291.926829584
201509_BolsaFamiliaFolhaPagamento.csv	13912767	291.739192092
201510_BolsaFamiliaFolhaPagamento.csv	14002752	285.332317295
201511_BolsaFamiliaFolhaPagamento.csv	13815096	278.842073037
201512_BolsaFamiliaFolhaPagamento.csv	13980491	289.283836531
201601_BolsaFamiliaFolhaPagamento.csv	14020581	310.685547637
201602_BolsaFamiliaFolhaPagamento.csv	14008965	308.749815424
201603_BolsaFamiliaFolhaPagamento.csv	13868458	307.655556113
201604_BolsaFamiliaFolhaPagamento.csv	13932487	305.195905335
201605_BolsaFamiliaFolhaPagamento.csv	13872465	299.405331171
201606_BolsaFamiliaFolhaPagamento.csv	13849866	293.739310795

Arquivo	Registros	Tempo
201407_BolsaFamiliaFolhaPagamento.csv	14389582	286.402465536
201408_BolsaFamiliaFolhaPagamento.csv	14131123	286.722625159
201409_BolsaFamiliaFolhaPagamento.csv	14143630	285.955775246
201410_BolsaFamiliaFolhaPagamento.csv	14076919	286.555299268
201411_BolsaFamiliaFolhaPagamento.csv	14109947	310.16555433
201412_BolsaFamiliaFolhaPagamento.csv	14054243	297.67245803
201501_BolsaFamiliaFolhaPagamento.csv	14026988	288.28758536
201502_BolsaFamiliaFolhaPagamento.csv	14042558	286.927765943
201503_BolsaFamiliaFolhaPagamento.csv	14004026	288.16141125
201504_BolsaFamiliaFolhaPagamento.csv	13787678	305.906177704
201505_BolsaFamiliaFolhaPagamento.csv	13779988	283.096641301
201506_BolsaFamiliaFolhaPagamento.csv	13753665	283.146270809
201507_BolsaFamiliaFolhaPagamento.csv	13861879	286.953522817
201508_BolsaFamiliaFolhaPagamento.csv	13823829	302.017943954
201509_BolsaFamiliaFolhaPagamento.csv	13912767	293.377551098
201510_BolsaFamiliaFolhaPagamento.csv	14002752	288.760893561
201511_BolsaFamiliaFolhaPagamento.csv	13815096	284.384477016
201512_BolsaFamiliaFolhaPagamento.csv	13980491	294.965605269
201601_BolsaFamiliaFolhaPagamento.csv	14020581	319.623284092
201602_BolsaFamiliaFolhaPagamento.csv	14008965	321.805978786
201603_BolsaFamiliaFolhaPagamento.csv	13868458	319.671055702
201604_BolsaFamiliaFolhaPagamento.csv	13932487	318.721015611
201605_BolsaFamiliaFolhaPagamento.csv	13872465	300.076644126
201606_BolsaFamiliaFolhaPagamento.csv	13849866	288.557347964

Arquivo	Registros	Tempo
201407_BolsaFamiliaFolhaPagamento.csv	14389582	279.225598419
201408_BolsaFamiliaFolhaPagamento.csv	14131123	285.64154715
201409_BolsaFamiliaFolhaPagamento.csv	14143630	294.752763962
201410_BolsaFamiliaFolhaPagamento.csv	14076919	285.72646518
201411_BolsaFamiliaFolhaPagamento.csv	14109947	292.784339055
201412_BolsaFamiliaFolhaPagamento.csv	14054243	287.927830789
201501_BolsaFamiliaFolhaPagamento.csv	14026988	279.07281453
201502_BolsaFamiliaFolhaPagamento.csv	14042558	279.085409206
201503_BolsaFamiliaFolhaPagamento.csv	14004026	280.504849614
201504_BolsaFamiliaFolhaPagamento.csv	13787678	293.815324803
201505_BolsaFamiliaFolhaPagamento.csv	13779988	272.934725145
201506_BolsaFamiliaFolhaPagamento.csv	13753665	274.707072984
201507_BolsaFamiliaFolhaPagamento.csv	13861879	276.92833011
201508_BolsaFamiliaFolhaPagamento.csv	13823829	288.546144519
201509_BolsaFamiliaFolhaPagamento.csv	13912767	284.6774538
201510_BolsaFamiliaFolhaPagamento.csv	14002752	281.307178437
201511_BolsaFamiliaFolhaPagamento.csv	13815096	279.875664707
201512_BolsaFamiliaFolhaPagamento.csv	13980491	285.423885435
201601_BolsaFamiliaFolhaPagamento.csv	14020581	301.830655366
201602_BolsaFamiliaFolhaPagamento.csv	14008965	300.858677667
201603_BolsaFamiliaFolhaPagamento.csv	13868458	295.084530552
201604_BolsaFamiliaFolhaPagamento.csv	13932487	298.246677982
201605_BolsaFamiliaFolhaPagamento.csv	13872465	292.357752311
201606_BolsaFamiliaFolhaPagamento.csv	13849866	279.069087931

Arquivo	Registros	Tempo
201407_BolsaFamiliaFolhaPagamento.csv	14389582	281.677855376
201408_BolsaFamiliaFolhaPagamento.csv	14131123	284.802755352
201409_BolsaFamiliaFolhaPagamento.csv	14143630	283.007507053
201410_BolsaFamiliaFolhaPagamento.csv	14076919	281.979578696
201411_BolsaFamiliaFolhaPagamento.csv	14109947	298.157401093
201412_BolsaFamiliaFolhaPagamento.csv	14054243	289.969833506
201501_BolsaFamiliaFolhaPagamento.csv	14026988	285.380305568
201502_BolsaFamiliaFolhaPagamento.csv	14042558	282.552314048
201503_BolsaFamiliaFolhaPagamento.csv	14004026	282.633373884
201504_BolsaFamiliaFolhaPagamento.csv	13787678	295.313414435
201505_BolsaFamiliaFolhaPagamento.csv	13779988	275.804607291
201506_BolsaFamiliaFolhaPagamento.csv	13753665	278.120317393
201507_BolsaFamiliaFolhaPagamento.csv	13861879	278.47615259
201508_BolsaFamiliaFolhaPagamento.csv	13823829	289.74086203
201509_BolsaFamiliaFolhaPagamento.csv	13912767	286.027320044
201510_BolsaFamiliaFolhaPagamento.csv	14002752	281.591718287
201511_BolsaFamiliaFolhaPagamento.csv	13815096	279.490461534
201512_BolsaFamiliaFolhaPagamento.csv	13980491	283.210797708
201601_BolsaFamiliaFolhaPagamento.csv	14020581	306.556292779
201602_BolsaFamiliaFolhaPagamento.csv	14008965	310.23110186
201603_BolsaFamiliaFolhaPagamento.csv	13868458	305.185560126
201604_BolsaFamiliaFolhaPagamento.csv	13932487	300.918039397
201605_BolsaFamiliaFolhaPagamento.csv	13872465	297.846732426
201606_BolsaFamiliaFolhaPagamento.csv	13849866	293.272554275

Arquivo	Registros	Tempo
201407_BolsaFamiliaFolhaPagamento.csv	14389582	285.444073988
201408_BolsaFamiliaFolhaPagamento.csv	14131123	287.155993488
201409_BolsaFamiliaFolhaPagamento.csv	14143630	287.151547379
201410_BolsaFamiliaFolhaPagamento.csv	14076919	286.528288535
201411_BolsaFamiliaFolhaPagamento.csv	14109947	306.841876213
201412_BolsaFamiliaFolhaPagamento.csv	14054243	293.564572636
201501_BolsaFamiliaFolhaPagamento.csv	14026988	287.761832049
201502_BolsaFamiliaFolhaPagamento.csv	14042558	287.283760535
201503_BolsaFamiliaFolhaPagamento.csv	14004026	285.815589991
201504_BolsaFamiliaFolhaPagamento.csv	13787678	300.109752522
201505_BolsaFamiliaFolhaPagamento.csv	13779988	279.820174005
201506_BolsaFamiliaFolhaPagamento.csv	13753665	280.880299616
201507_BolsaFamiliaFolhaPagamento.csv	13861879	285.044674054
201508_BolsaFamiliaFolhaPagamento.csv	13823829	297.126117449
201509_BolsaFamiliaFolhaPagamento.csv	13912767	294.167325589
201510_BolsaFamiliaFolhaPagamento.csv	14002752	287.203830145
201511_BolsaFamiliaFolhaPagamento.csv	13815096	284.250324587
201512_BolsaFamiliaFolhaPagamento.csv	13980491	291.1633972
201601_BolsaFamiliaFolhaPagamento.csv	14020581	315.664781613
201602_BolsaFamiliaFolhaPagamento.csv	14008965	316.236194627
201603_BolsaFamiliaFolhaPagamento.csv	13868458	311.532214103
201604_BolsaFamiliaFolhaPagamento.csv	13932487	312.520521594
201605_BolsaFamiliaFolhaPagamento.csv	13872465	298.010693131
201606_BolsaFamiliaFolhaPagamento.csv	13849866	303.164397099

Arquivo	Registros	Tempo
201407_BolsaFamiliaFolhaPagamento.csv	14389582	289.322507539
201408_BolsaFamiliaFolhaPagamento.csv	14131123	292.757452473
201409_BolsaFamiliaFolhaPagamento.csv	14143630	296.343205291
201410_BolsaFamiliaFolhaPagamento.csv	14076919	295.849791903
201411_BolsaFamiliaFolhaPagamento.csv	14109947	308.26733036
201412_BolsaFamiliaFolhaPagamento.csv	14054243	301.987682861
201501_BolsaFamiliaFolhaPagamento.csv	14026988	292.155161681
201502_BolsaFamiliaFolhaPagamento.csv	14042558	279.520553416
201503_BolsaFamiliaFolhaPagamento.csv	14004026	281.643043996
201504_BolsaFamiliaFolhaPagamento.csv	13787678	291.870712767
201505_BolsaFamiliaFolhaPagamento.csv	13779988	279.42109037
201506_BolsaFamiliaFolhaPagamento.csv	13753665	287.314821085
201507_BolsaFamiliaFolhaPagamento.csv	13861879	291.244738188
201508_BolsaFamiliaFolhaPagamento.csv	13823829	305.540566441
201509_BolsaFamiliaFolhaPagamento.csv	13912767	297.318187585
201510_BolsaFamiliaFolhaPagamento.csv	14002752	289.327102967
201511_BolsaFamiliaFolhaPagamento.csv	13815096	289.206172574
201512_BolsaFamiliaFolhaPagamento.csv	13980491	286.592011497
201601_BolsaFamiliaFolhaPagamento.csv	14020581	300.343115344
201602_BolsaFamiliaFolhaPagamento.csv	14008965	303.030289016
201603_BolsaFamiliaFolhaPagamento.csv	13868458	293.586469847
201604_BolsaFamiliaFolhaPagamento.csv	13932487	293.485488855
201605_BolsaFamiliaFolhaPagamento.csv	13872465	291.466428395
201606_BolsaFamiliaFolhaPagamento.csv	13849866	278.240810876

Arquivo	Registros	Tempo
201407_BolsaFamiliaFolhaPagamento.csv	14389582	281.19280006
201408_BolsaFamiliaFolhaPagamento.csv	14131123	283.895312165
201409_BolsaFamiliaFolhaPagamento.csv	14143630	283.614015533
201410_BolsaFamiliaFolhaPagamento.csv	14076919	282.383910963
201411_BolsaFamiliaFolhaPagamento.csv	14109947	293.260389342
201412_BolsaFamiliaFolhaPagamento.csv	14054243	289.36514373
201501_BolsaFamiliaFolhaPagamento.csv	14026988	280.479819064
201502_BolsaFamiliaFolhaPagamento.csv	14042558	280.039375732
201503_BolsaFamiliaFolhaPagamento.csv	14004026	282.286953585
201504_BolsaFamiliaFolhaPagamento.csv	13787678	293.146624448
201505_BolsaFamiliaFolhaPagamento.csv	13779988	277.219107788
201506_BolsaFamiliaFolhaPagamento.csv	13753665	278.980881693
201507_BolsaFamiliaFolhaPagamento.csv	13861879	280.116202861
201508_BolsaFamiliaFolhaPagamento.csv	13823829	291.8959374
201509_BolsaFamiliaFolhaPagamento.csv	13912767	286.581162173
201510_BolsaFamiliaFolhaPagamento.csv	14002752	283.718811939
201511_BolsaFamiliaFolhaPagamento.csv	13815096	277.805337367
201512_BolsaFamiliaFolhaPagamento.csv	13980491	284.242938957
201601_BolsaFamiliaFolhaPagamento.csv	14020581	303.50911506
201602_BolsaFamiliaFolhaPagamento.csv	14008965	306.311590747
201603_BolsaFamiliaFolhaPagamento.csv	13868458	305.527492968
201604_BolsaFamiliaFolhaPagamento.csv	13932487	301.431784922
201605_BolsaFamiliaFolhaPagamento.csv	13872465	294.468426548
201606_BolsaFamiliaFolhaPagamento.csv	13849866	289.684862979

Arquivo	Registros	Tempo
201407_BolsaFamiliaFolhaPagamento.csv	14389582	286.686946214
201408_BolsaFamiliaFolhaPagamento.csv	14131123	286.974380277
201409_BolsaFamiliaFolhaPagamento.csv	14143630	288.38327419
201410_BolsaFamiliaFolhaPagamento.csv	14076919	287.045053907
201411_BolsaFamiliaFolhaPagamento.csv	14109947	299.81307333
201412_BolsaFamiliaFolhaPagamento.csv	14054243	297.296859518
201501_BolsaFamiliaFolhaPagamento.csv	14026988	284.882806441
201502_BolsaFamiliaFolhaPagamento.csv	14042558	285.240385038
201503_BolsaFamiliaFolhaPagamento.csv	14004026	290.465737608
201504_BolsaFamiliaFolhaPagamento.csv	13787678	302.328899937
201505_BolsaFamiliaFolhaPagamento.csv	13779988	282.476897799
201506_BolsaFamiliaFolhaPagamento.csv	13753665	285.364078969
201507_BolsaFamiliaFolhaPagamento.csv	13861879	287.3078038
201508_BolsaFamiliaFolhaPagamento.csv	13823829	299.053762915
201509_BolsaFamiliaFolhaPagamento.csv	13912767	297.144902393
201510_BolsaFamiliaFolhaPagamento.csv	14002752	288.435838419
201511_BolsaFamiliaFolhaPagamento.csv	13815096	286.533324226
201512_BolsaFamiliaFolhaPagamento.csv	13980491	297.274181455
201601_BolsaFamiliaFolhaPagamento.csv	14020581	321.595024778
201602_BolsaFamiliaFolhaPagamento.csv	14008965	320.597500989
201603_BolsaFamiliaFolhaPagamento.csv	13868458	321.033363779
201604_BolsaFamiliaFolhaPagamento.csv	13932487	292.841411312
201605_BolsaFamiliaFolhaPagamento.csv	13872465	289.40266201
201606_BolsaFamiliaFolhaPagamento.csv	13849866	281.293187279

