Arquivo	Registros	Tempo
201407_BolsaFamiliaFolhaPagamento.csv	14389582	264.569650458
201408_BolsaFamiliaFolhaPagamento.csv	14131123	259.139904447
201409_BolsaFamiliaFolhaPagamento.csv	14143630	253.455269185
201410_BolsaFamiliaFolhaPagamento.csv	14076919	262.021798369
201411_BolsaFamiliaFolhaPagamento.csv	14109947	271.296353228
201412_BolsaFamiliaFolhaPagamento.csv	14054243	260.054419098
201501_BolsaFamiliaFolhaPagamento.csv	14026988	274.466820024
201502_BolsaFamiliaFolhaPagamento.csv	14042558	265.977651804
201503_BolsaFamiliaFolhaPagamento.csv	14004026	258.438461971
201504_BolsaFamiliaFolhaPagamento.csv	13787678	259.648580411
201505_BolsaFamiliaFolhaPagamento.csv	13779988	260.337048297
201506_BolsaFamiliaFolhaPagamento.csv	13753665	251.115191197
201507_BolsaFamiliaFolhaPagamento.csv	13861879	267.049461408
201508_BolsaFamiliaFolhaPagamento.csv	13823829	262.144011104
201509_BolsaFamiliaFolhaPagamento.csv	13912767	258.065838916
201510_BolsaFamiliaFolhaPagamento.csv	14002752	266.37549022
201511_BolsaFamiliaFolhaPagamento.csv	13815096	252.446833777
201512_BolsaFamiliaFolhaPagamento.csv	13980491	258.497902995
201601_BolsaFamiliaFolhaPagamento.csv	14020581	260.864414234
201602_BolsaFamiliaFolhaPagamento.csv	14008965	272.845430133
201603_BolsaFamiliaFolhaPagamento.csv	13868458	265.167763546
201604_BolsaFamiliaFolhaPagamento.csv	13932487	273.888423138
201605_BolsaFamiliaFolhaPagamento.csv	13872465	268.370949741
201606_BolsaFamiliaFolhaPagamento.csv	13849866	263.140272181

Arquivo	Registros	Tempo
201407_BolsaFamiliaFolhaPagamento.csv	14389582	257.378319647
201408_BolsaFamiliaFolhaPagamento.csv	14131123	257.798167913
201409_BolsaFamiliaFolhaPagamento.csv	14143630	253.513106514
201410_BolsaFamiliaFolhaPagamento.csv	14076919	262.387919272
201411_BolsaFamiliaFolhaPagamento.csv	14109947	264.095179787
201412_BolsaFamiliaFolhaPagamento.csv	14054243	262.62752302
201501_BolsaFamiliaFolhaPagamento.csv	14026988	277.375363352
201502_BolsaFamiliaFolhaPagamento.csv	14042558	267.428194815
201503_BolsaFamiliaFolhaPagamento.csv	14004026	261.441928645
201504_BolsaFamiliaFolhaPagamento.csv	13787678	260.116732327
201505_BolsaFamiliaFolhaPagamento.csv	13779988	263.314276669
201506_BolsaFamiliaFolhaPagamento.csv	13753665	256.069314693
201507_BolsaFamiliaFolhaPagamento.csv	13861879	269.293082135
201508_BolsaFamiliaFolhaPagamento.csv	13823829	267.647608253
201509_BolsaFamiliaFolhaPagamento.csv	13912767	261.30204463
201510_BolsaFamiliaFolhaPagamento.csv	14002752	268.028722961
201511_BolsaFamiliaFolhaPagamento.csv	13815096	255.803697134
201512_BolsaFamiliaFolhaPagamento.csv	13980491	264.157866148
201601_BolsaFamiliaFolhaPagamento.csv	14020581	265.71371541
201602_BolsaFamiliaFolhaPagamento.csv	14008965	280.743948054
201603_BolsaFamiliaFolhaPagamento.csv	13868458	266.519412342
201604_BolsaFamiliaFolhaPagamento.csv	13932487	270.088568677
201605_BolsaFamiliaFolhaPagamento.csv	13872465	263.139635916
201606_BolsaFamiliaFolhaPagamento.csv	13849866	264.705712205

Arquivo	Registros	Tempo
201407_BolsaFamiliaFolhaPagamento.csv	14389582	312.586678517
201408_BolsaFamiliaFolhaPagamento.csv	14131123	310.234627636
201409_BolsaFamiliaFolhaPagamento.csv	14143630	303.28142778
201410_BolsaFamiliaFolhaPagamento.csv	14076919	308.840297746
201411_BolsaFamiliaFolhaPagamento.csv	14109947	309.0342159
201412_BolsaFamiliaFolhaPagamento.csv	14054243	303.4489275
201501_BolsaFamiliaFolhaPagamento.csv	14026988	328.459714994
201502_BolsaFamiliaFolhaPagamento.csv	14042558	306.264837473
201503_BolsaFamiliaFolhaPagamento.csv	14004026	299.7053545
201504_BolsaFamiliaFolhaPagamento.csv	13787678	302.080129653
201505_BolsaFamiliaFolhaPagamento.csv	13779988	304.945499045
201506_BolsaFamiliaFolhaPagamento.csv	13753665	295.203542438
201507_BolsaFamiliaFolhaPagamento.csv	13861879	317.911662766
201508_BolsaFamiliaFolhaPagamento.csv	13823829	304.29377505
201509_BolsaFamiliaFolhaPagamento.csv	13912767	305.776933067
201510_BolsaFamiliaFolhaPagamento.csv	14002752	308.949173882
201511_BolsaFamiliaFolhaPagamento.csv	13815096	301.962139193
201512_BolsaFamiliaFolhaPagamento.csv	13980491	306.036215123
201601_BolsaFamiliaFolhaPagamento.csv	14020581	317.23932639
201602_BolsaFamiliaFolhaPagamento.csv	14008965	327.448045259
201603_BolsaFamiliaFolhaPagamento.csv	13868458	306.458327565
201604_BolsaFamiliaFolhaPagamento.csv	13932487	312.771000921
201605_BolsaFamiliaFolhaPagamento.csv	13872465	301.233806817
201606_BolsaFamiliaFolhaPagamento.csv	13849866	312.144793355

Arquivo	Registros	Tempo
201407_BolsaFamiliaFolhaPagamento.csv	14389582	304.161553671
201408_BolsaFamiliaFolhaPagamento.csv	14131123	309.24843716
201409_BolsaFamiliaFolhaPagamento.csv	14143630	295.906836511
201410_BolsaFamiliaFolhaPagamento.csv	14076919	309.361166313
201411_BolsaFamiliaFolhaPagamento.csv	14109947	309.45969366
201412_BolsaFamiliaFolhaPagamento.csv	14054243	302.34094082
201501_BolsaFamiliaFolhaPagamento.csv	14026988	338.171822736
201502_BolsaFamiliaFolhaPagamento.csv	14042558	305.549693684
201503_BolsaFamiliaFolhaPagamento.csv	14004026	302.660060466
201504_BolsaFamiliaFolhaPagamento.csv	13787678	305.286986182
201505_BolsaFamiliaFolhaPagamento.csv	13779988	307.898364689
201506_BolsaFamiliaFolhaPagamento.csv	13753665	296.834450029
201507_BolsaFamiliaFolhaPagamento.csv	13861879	320.552483863
201508_BolsaFamiliaFolhaPagamento.csv	13823829	307.296468618
201509_BolsaFamiliaFolhaPagamento.csv	13912767	311.404446753
201510_BolsaFamiliaFolhaPagamento.csv	14002752	314.469412914
201511_BolsaFamiliaFolhaPagamento.csv	13815096	299.621707225
201512_BolsaFamiliaFolhaPagamento.csv	13980491	309.335245581
201601_BolsaFamiliaFolhaPagamento.csv	14020581	316.20495082
201602_BolsaFamiliaFolhaPagamento.csv	14008965	332.825773303
201603_BolsaFamiliaFolhaPagamento.csv	13868458	309.949571725
201604_BolsaFamiliaFolhaPagamento.csv	13932487	319.870104613
201605_BolsaFamiliaFolhaPagamento.csv	13872465	307.763180114
201606_BolsaFamiliaFolhaPagamento.csv	13849866	309.609364893

Arquivo	Registros	Tempo
201407_BolsaFamiliaFolhaPagamento.csv	14389582	309.37516012
201408_BolsaFamiliaFolhaPagamento.csv	14131123	315.114311851
201409_BolsaFamiliaFolhaPagamento.csv	14143630	311.49509316
201410_BolsaFamiliaFolhaPagamento.csv	14076919	315.215663028
201411_BolsaFamiliaFolhaPagamento.csv	14109947	319.086612175
201412_BolsaFamiliaFolhaPagamento.csv	14054243	307.319257091
201501_BolsaFamiliaFolhaPagamento.csv	14026988	325.123252984
201502_BolsaFamiliaFolhaPagamento.csv	14042558	306.544346665
201503_BolsaFamiliaFolhaPagamento.csv	14004026	301.204744886
201504_BolsaFamiliaFolhaPagamento.csv	13787678	299.656152353
201505_BolsaFamiliaFolhaPagamento.csv	13779988	305.502050501
201506_BolsaFamiliaFolhaPagamento.csv	13753665	295.254143987
201507_BolsaFamiliaFolhaPagamento.csv	13861879	321.752780417
201508_BolsaFamiliaFolhaPagamento.csv	13823829	312.552156539
201509_BolsaFamiliaFolhaPagamento.csv	13912767	308.837199964
201510_BolsaFamiliaFolhaPagamento.csv	14002752	308.140914896
201511_BolsaFamiliaFolhaPagamento.csv	13815096	296.799131005
201512_BolsaFamiliaFolhaPagamento.csv	13980491	304.023800321
201601_BolsaFamiliaFolhaPagamento.csv	14020581	309.816807183
201602_BolsaFamiliaFolhaPagamento.csv	14008965	316.598508135
201603_BolsaFamiliaFolhaPagamento.csv	13868458	303.402183974
201604_BolsaFamiliaFolhaPagamento.csv	13932487	308.965399278
201605_BolsaFamiliaFolhaPagamento.csv	13872465	301.649646932
201606_BolsaFamiliaFolhaPagamento.csv	13849866	303.414217139

Arquivo	Registros	Tempo
201407_BolsaFamiliaFolhaPagamento.csv	14389582	304.394319413
201408_BolsaFamiliaFolhaPagamento.csv	14131123	307.362837068
201409_BolsaFamiliaFolhaPagamento.csv	14143630	300.463167714
201410_BolsaFamiliaFolhaPagamento.csv	14076919	315.51101216
201411_BolsaFamiliaFolhaPagamento.csv	14109947	306.448808497
201412_BolsaFamiliaFolhaPagamento.csv	14054243	307.544359148
201501_BolsaFamiliaFolhaPagamento.csv	14026988	334.96316675
201502_BolsaFamiliaFolhaPagamento.csv	14042558	307.185655255
201503_BolsaFamiliaFolhaPagamento.csv	14004026	299.789666754
201504_BolsaFamiliaFolhaPagamento.csv	13787678	298.176141165
201505_BolsaFamiliaFolhaPagamento.csv	13779988	307.145662604
201506_BolsaFamiliaFolhaPagamento.csv	13753665	293.290912389
201507_BolsaFamiliaFolhaPagamento.csv	13861879	318.282655816
201508_BolsaFamiliaFolhaPagamento.csv	13823829	305.8043579
201509_BolsaFamiliaFolhaPagamento.csv	13912767	301.503347973
201510_BolsaFamiliaFolhaPagamento.csv	14002752	304.756830526
201511_BolsaFamiliaFolhaPagamento.csv	13815096	298.467593234
201512_BolsaFamiliaFolhaPagamento.csv	13980491	310.823692471
201601_BolsaFamiliaFolhaPagamento.csv	14020581	307.722462144
201602_BolsaFamiliaFolhaPagamento.csv	14008965	324.891249072
201603_BolsaFamiliaFolhaPagamento.csv	13868458	312.924955208
201604_BolsaFamiliaFolhaPagamento.csv	13932487	306.704254114
201605_BolsaFamiliaFolhaPagamento.csv	13872465	297.120978758
201606_BolsaFamiliaFolhaPagamento.csv	13849866	310.132863246

Arquivo	Registros	Tempo
201407_BolsaFamiliaFolhaPagamento.csv	14389582	305.211066223
201408_BolsaFamiliaFolhaPagamento.csv	14131123	306.522438744
201409_BolsaFamiliaFolhaPagamento.csv	14143630	301.463001555
201410_BolsaFamiliaFolhaPagamento.csv	14076919	309.480751679
201411_BolsaFamiliaFolhaPagamento.csv	14109947	312.02270478
201412_BolsaFamiliaFolhaPagamento.csv	14054243	300.442850713
201501_BolsaFamiliaFolhaPagamento.csv	14026988	328.078021075
201502_BolsaFamiliaFolhaPagamento.csv	14042558	307.778978784
201503_BolsaFamiliaFolhaPagamento.csv	14004026	301.851708829
201504_BolsaFamiliaFolhaPagamento.csv	13787678	302.690709191
201505_BolsaFamiliaFolhaPagamento.csv	13779988	306.673859758
201506_BolsaFamiliaFolhaPagamento.csv	13753665	294.494949216
201507_BolsaFamiliaFolhaPagamento.csv	13861879	318.652604689
201508_BolsaFamiliaFolhaPagamento.csv	13823829	308.593925945
201509_BolsaFamiliaFolhaPagamento.csv	13912767	305.2002204
201510_BolsaFamiliaFolhaPagamento.csv	14002752	314.106517067
201511_BolsaFamiliaFolhaPagamento.csv	13815096	295.455672874
201512_BolsaFamiliaFolhaPagamento.csv	13980491	308.002945843
201601_BolsaFamiliaFolhaPagamento.csv	14020581	314.042319701
201602_BolsaFamiliaFolhaPagamento.csv	14008965	324.288662534
201603_BolsaFamiliaFolhaPagamento.csv	13868458	305.818657291
201604_BolsaFamiliaFolhaPagamento.csv	13932487	314.827629329
201605_BolsaFamiliaFolhaPagamento.csv	13872465	309.495552302
201606_BolsaFamiliaFolhaPagamento.csv	13849866	313.493608333

Arquivo	Registros	Tempo
201407_BolsaFamiliaFolhaPagamento.csv	14389582	308.071069106
201408_BolsaFamiliaFolhaPagamento.csv	14131123	312.053111364
201409_BolsaFamiliaFolhaPagamento.csv	14143630	308.977275587
201410_BolsaFamiliaFolhaPagamento.csv	14076919	314.71807545
201411_BolsaFamiliaFolhaPagamento.csv	14109947	309.231783293
201412_BolsaFamiliaFolhaPagamento.csv	14054243	314.400779279
201501_BolsaFamiliaFolhaPagamento.csv	14026988	333.221780452
201502_BolsaFamiliaFolhaPagamento.csv	14042558	307.693087861
201503_BolsaFamiliaFolhaPagamento.csv	14004026	308.088434795
201504_BolsaFamiliaFolhaPagamento.csv	13787678	307.425224115
201505_BolsaFamiliaFolhaPagamento.csv	13779988	310.272621786
201506_BolsaFamiliaFolhaPagamento.csv	13753665	296.262242791
201507_BolsaFamiliaFolhaPagamento.csv	13861879	326.065400112
201508_BolsaFamiliaFolhaPagamento.csv	13823829	318.388847742
201509_BolsaFamiliaFolhaPagamento.csv	13912767	310.770119145
201510_BolsaFamiliaFolhaPagamento.csv	14002752	315.913240962
201511_BolsaFamiliaFolhaPagamento.csv	13815096	296.906334035
201512_BolsaFamiliaFolhaPagamento.csv	13980491	313.391600592
201601_BolsaFamiliaFolhaPagamento.csv	14020581	317.577573089
201602_BolsaFamiliaFolhaPagamento.csv	14008965	324.850766192
201603_BolsaFamiliaFolhaPagamento.csv	13868458	312.111833199
201604_BolsaFamiliaFolhaPagamento.csv	13932487	322.502701439
201605_BolsaFamiliaFolhaPagamento.csv	13872465	309.649195174
201606_BolsaFamiliaFolhaPagamento.csv	13849866	315.529498457

Arquivo	Registros	Tempo
201407_BolsaFamiliaFolhaPagamento.csv	14389582	318.556598206
201408_BolsaFamiliaFolhaPagamento.csv	14131123	318.652399279
201409_BolsaFamiliaFolhaPagamento.csv	14143630	306.090502471
201410_BolsaFamiliaFolhaPagamento.csv	14076919	314.807605581
201411_BolsaFamiliaFolhaPagamento.csv	14109947	321.300887403
201412_BolsaFamiliaFolhaPagamento.csv	14054243	325.494760966
201501_BolsaFamiliaFolhaPagamento.csv	14026988	347.496208529
201502_BolsaFamiliaFolhaPagamento.csv	14042558	315.409919021
201503_BolsaFamiliaFolhaPagamento.csv	14004026	314.287856779
201504_BolsaFamiliaFolhaPagamento.csv	13787678	313.356724576
201505_BolsaFamiliaFolhaPagamento.csv	13779988	323.920749246
201506_BolsaFamiliaFolhaPagamento.csv	13753665	309.974437835
201507_BolsaFamiliaFolhaPagamento.csv	13861879	338.072377675
201508_BolsaFamiliaFolhaPagamento.csv	13823829	323.95279293
201509_BolsaFamiliaFolhaPagamento.csv	13912767	322.467784452
201510_BolsaFamiliaFolhaPagamento.csv	14002752	321.906511964
201511_BolsaFamiliaFolhaPagamento.csv	13815096	306.130947361
201512_BolsaFamiliaFolhaPagamento.csv	13980491	325.439777565
201601_BolsaFamiliaFolhaPagamento.csv	14020581	331.717386724
201602_BolsaFamiliaFolhaPagamento.csv	14008965	335.377569101
201603_BolsaFamiliaFolhaPagamento.csv	13868458	320.436219918
201604_BolsaFamiliaFolhaPagamento.csv	13932487	323.279469639
201605_BolsaFamiliaFolhaPagamento.csv	13872465	324.772370682
201606_BolsaFamiliaFolhaPagamento.csv	13849866	322.201401465

Arquivo	Registros	Tempo
201407_BolsaFamiliaFolhaPagamento.csv	14389582	324.133376948
201408_BolsaFamiliaFolhaPagamento.csv	14131123	329.164676504
201409_BolsaFamiliaFolhaPagamento.csv	14143630	311.785218763
201410_BolsaFamiliaFolhaPagamento.csv	14076919	325.536873865
201411_BolsaFamiliaFolhaPagamento.csv	14109947	318.713147435
201412_BolsaFamiliaFolhaPagamento.csv	14054243	318.372192845
201501_BolsaFamiliaFolhaPagamento.csv	14026988	340.162903888
201502_BolsaFamiliaFolhaPagamento.csv	14042558	314.112167933
201503_BolsaFamiliaFolhaPagamento.csv	14004026	306.978004992
201504_BolsaFamiliaFolhaPagamento.csv	13787678	308.606678937
201505_BolsaFamiliaFolhaPagamento.csv	13779988	312.946297025
201506_BolsaFamiliaFolhaPagamento.csv	13753665	307.312360225
201507_BolsaFamiliaFolhaPagamento.csv	13861879	328.351712727
201508_BolsaFamiliaFolhaPagamento.csv	13823829	317.413375639
201509_BolsaFamiliaFolhaPagamento.csv	13912767	311.16792932
201510_BolsaFamiliaFolhaPagamento.csv	14002752	323.182293864
201511_BolsaFamiliaFolhaPagamento.csv	13815096	304.976041955
201512_BolsaFamiliaFolhaPagamento.csv	13980491	317.649883498
201601_BolsaFamiliaFolhaPagamento.csv	14020581	317.071777203
201602_BolsaFamiliaFolhaPagamento.csv	14008965	327.540071533
201603_BolsaFamiliaFolhaPagamento.csv	13868458	320.409788206
201604_BolsaFamiliaFolhaPagamento.csv	13932487	314.670014117
201605_BolsaFamiliaFolhaPagamento.csv	13872465	307.638131093
201606_BolsaFamiliaFolhaPagamento.csv	13849866	314.711973615

