Arquivo	Registros	Tempo
201407_BolsaFamiliaFolhaPagamento.csv	14389582	264.569650458
201408_BolsaFamiliaFolhaPagamento.csv	14131123	259.139904447
201409_BolsaFamiliaFolhaPagamento.csv	14143630	253.455269185
201410_BolsaFamiliaFolhaPagamento.csv	14076919	262.021798369
201411_BolsaFamiliaFolhaPagamento.csv	14109947	271.296353228
201412_BolsaFamiliaFolhaPagamento.csv	14054243	260.054419098
201501_BolsaFamiliaFolhaPagamento.csv	14026988	274.466820024
201502_BolsaFamiliaFolhaPagamento.csv	14042558	265.977651804
201503_BolsaFamiliaFolhaPagamento.csv	14004026	258.438461971
201504_BolsaFamiliaFolhaPagamento.csv	13787678	259.648580411
201505_BolsaFamiliaFolhaPagamento.csv	13779988	260.337048297
201506_BolsaFamiliaFolhaPagamento.csv	13753665	251.115191197
201507_BolsaFamiliaFolhaPagamento.csv	13861879	267.049461408
201508_BolsaFamiliaFolhaPagamento.csv	13823829	262.144011104
201509_BolsaFamiliaFolhaPagamento.csv	13912767	258.065838916
201510_BolsaFamiliaFolhaPagamento.csv	14002752	266.37549022
201511_BolsaFamiliaFolhaPagamento.csv	13815096	252.446833777
201512_BolsaFamiliaFolhaPagamento.csv	13980491	258.497902995
201601_BolsaFamiliaFolhaPagamento.csv	14020581	260.864414234
201602_BolsaFamiliaFolhaPagamento.csv	14008965	272.845430133
201603_BolsaFamiliaFolhaPagamento.csv	13868458	265.167763546
201604_BolsaFamiliaFolhaPagamento.csv	13932487	273.888423138
201605_BolsaFamiliaFolhaPagamento.csv	13872465	268.370949741
201606_BolsaFamiliaFolhaPagamento.csv	13849866	263.140272181

Arquivo	Registros	Tempo
201407_BolsaFamiliaFolhaPagamento.csv	14389582	257.378319647
201408_BolsaFamiliaFolhaPagamento.csv	14131123	257.798167913
201409_BolsaFamiliaFolhaPagamento.csv	14143630	253.513106514
201410_BolsaFamiliaFolhaPagamento.csv	14076919	262.387919272
201411_BolsaFamiliaFolhaPagamento.csv	14109947	264.095179787
201412_BolsaFamiliaFolhaPagamento.csv	14054243	262.62752302
201501_BolsaFamiliaFolhaPagamento.csv	14026988	277.375363352
201502_BolsaFamiliaFolhaPagamento.csv	14042558	267.428194815
201503_BolsaFamiliaFolhaPagamento.csv	14004026	261.441928645
201504_BolsaFamiliaFolhaPagamento.csv	13787678	260.116732327
201505_BolsaFamiliaFolhaPagamento.csv	13779988	263.314276669
201506_BolsaFamiliaFolhaPagamento.csv	13753665	256.069314693
201507_BolsaFamiliaFolhaPagamento.csv	13861879	269.293082135
201508_BolsaFamiliaFolhaPagamento.csv	13823829	267.647608253
201509_BolsaFamiliaFolhaPagamento.csv	13912767	261.30204463
201510_BolsaFamiliaFolhaPagamento.csv	14002752	268.028722961
201511_BolsaFamiliaFolhaPagamento.csv	13815096	255.803697134
201512_BolsaFamiliaFolhaPagamento.csv	13980491	264.157866148
201601_BolsaFamiliaFolhaPagamento.csv	14020581	265.71371541
201602_BolsaFamiliaFolhaPagamento.csv	14008965	280.743948054
201603_BolsaFamiliaFolhaPagamento.csv	13868458	266.519412342
201604_BolsaFamiliaFolhaPagamento.csv	13932487	270.088568677
201605_BolsaFamiliaFolhaPagamento.csv	13872465	263.139635916
201606_BolsaFamiliaFolhaPagamento.csv	13849866	264.705712205

