Arquivo	Registros	Tempo
201407_BolsaFamiliaFolhaPagamento.csv	14389582	288.720831113
201408_BolsaFamiliaFolhaPagamento.csv	14131123	271.2554643
201409_BolsaFamiliaFolhaPagamento.csv	14143630	270.270307003
201410_BolsaFamiliaFolhaPagamento.csv	14076919	273.657031999
201411_BolsaFamiliaFolhaPagamento.csv	14109947	272.24003699
201412_BolsaFamiliaFolhaPagamento.csv	14054243	281.74781707
201501_BolsaFamiliaFolhaPagamento.csv	14026988	269.757543489
201502_BolsaFamiliaFolhaPagamento.csv	14042558	273.501207049
201503_BolsaFamiliaFolhaPagamento.csv	14004026	269.37202658
201504_BolsaFamiliaFolhaPagamento.csv	13787678	268.024492543
201505_BolsaFamiliaFolhaPagamento.csv	13779988	271.699218212
201506_BolsaFamiliaFolhaPagamento.csv	13753665	269.572773002
201507_BolsaFamiliaFolhaPagamento.csv	13861879	261.292510463
201508_BolsaFamiliaFolhaPagamento.csv	13823829	263.885134733
201509_BolsaFamiliaFolhaPagamento.csv	13912767	264.574064405
201510_BolsaFamiliaFolhaPagamento.csv	14002752	284.537161135
201511_BolsaFamiliaFolhaPagamento.csv	13815096	271.007472145
201512_BolsaFamiliaFolhaPagamento.csv	13980491	267.710045263
201601_BolsaFamiliaFolhaPagamento.csv	14020581	267.465233488
201602_BolsaFamiliaFolhaPagamento.csv	14008965	269.345149775
201603_BolsaFamiliaFolhaPagamento.csv	13868458	260.343598179
201604_BolsaFamiliaFolhaPagamento.csv	13932487	268.862000131
201605_BolsaFamiliaFolhaPagamento.csv	13872465	269.43741193
201606_BolsaFamiliaFolhaPagamento.csv	13849866	267.358538947

Arquivo	Registros	Tempo
201407_BolsaFamiliaFolhaPagamento.csv	14389582	272.201310339
201408_BolsaFamiliaFolhaPagamento.csv	14131123	265.883919734
201409_BolsaFamiliaFolhaPagamento.csv	14143630	266.875181758
201410_BolsaFamiliaFolhaPagamento.csv	14076919	268.902959678
201411_BolsaFamiliaFolhaPagamento.csv	14109947	266.514381305
201412_BolsaFamiliaFolhaPagamento.csv	14054243	273.63620107
201501_BolsaFamiliaFolhaPagamento.csv	14026988	267.612464678
201502_BolsaFamiliaFolhaPagamento.csv	14042558	272.160977511
201503_BolsaFamiliaFolhaPagamento.csv	14004026	266.704911626
201504_BolsaFamiliaFolhaPagamento.csv	13787678	261.346955683
201505_BolsaFamiliaFolhaPagamento.csv	13779988	269.313922049
201506_BolsaFamiliaFolhaPagamento.csv	13753665	267.331037564
201507_BolsaFamiliaFolhaPagamento.csv	13861879	263.64093128
201508_BolsaFamiliaFolhaPagamento.csv	13823829	262.883507567
201509_BolsaFamiliaFolhaPagamento.csv	13912767	263.732419625
201510_BolsaFamiliaFolhaPagamento.csv	14002752	285.957698826
201511_BolsaFamiliaFolhaPagamento.csv	13815096	267.704143135
201512_BolsaFamiliaFolhaPagamento.csv	13980491	264.173788628
201601_BolsaFamiliaFolhaPagamento.csv	14020581	269.176650761
201602_BolsaFamiliaFolhaPagamento.csv	14008965	270.222503315
201603_BolsaFamiliaFolhaPagamento.csv	13868458	266.434519035
201604_BolsaFamiliaFolhaPagamento.csv	13932487	270.69789338
201605_BolsaFamiliaFolhaPagamento.csv	13872465	268.101966935
201606_BolsaFamiliaFolhaPagamento.csv	13849866	271.223449112

