Arquivo	Registros	Tempo
201407_BolsaFamiliaFolhaPagamento.csv	14389582	260.21680535
201408_BolsaFamiliaFolhaPagamento.csv	14131123	254.410590404
201409_BolsaFamiliaFolhaPagamento.csv	14143630	258.982116449
201410_BolsaFamiliaFolhaPagamento.csv	14076919	264.506465875
201411_BolsaFamiliaFolhaPagamento.csv	14109947	248.179514532
201412_BolsaFamiliaFolhaPagamento.csv	14054243	258.370263081
201501_BolsaFamiliaFolhaPagamento.csv	14026988	269.858708518
201502_BolsaFamiliaFolhaPagamento.csv	14042558	260.642438381
201503_BolsaFamiliaFolhaPagamento.csv	14004026	260.876929289
201504_BolsaFamiliaFolhaPagamento.csv	13787678	257.754837399
201505_BolsaFamiliaFolhaPagamento.csv	13779988	255.124512989
201506_BolsaFamiliaFolhaPagamento.csv	13753665	257.823339412
201507_BolsaFamiliaFolhaPagamento.csv	13861879	263.514168522
201508_BolsaFamiliaFolhaPagamento.csv	13823829	268.127161879
201509_BolsaFamiliaFolhaPagamento.csv	13912767	266.38108944
201510_BolsaFamiliaFolhaPagamento.csv	14002752	272.532631272
201511_BolsaFamiliaFolhaPagamento.csv	13815096	268.101662668
201512_BolsaFamiliaFolhaPagamento.csv	13980491	273.40379708
201601_BolsaFamiliaFolhaPagamento.csv	14020581	263.065568749
201602_BolsaFamiliaFolhaPagamento.csv	14008965	253.546563698
201603_BolsaFamiliaFolhaPagamento.csv	13868458	262.274331892
201604_BolsaFamiliaFolhaPagamento.csv	13932487	248.27241165
201605_BolsaFamiliaFolhaPagamento.csv	13872465	236.154461725
201606_BolsaFamiliaFolhaPagamento.csv	13849866	246.536971055

Arquivo	Registros	Tempo
201407_BolsaFamiliaFolhaPagamento.csv	14389582	240.787558195
201408_BolsaFamiliaFolhaPagamento.csv	14131123	248.907180536
201409_BolsaFamiliaFolhaPagamento.csv	14143630	252.478307412
201410_BolsaFamiliaFolhaPagamento.csv	14076919	257.917879053
201411_BolsaFamiliaFolhaPagamento.csv	14109947	245.471361131
201412_BolsaFamiliaFolhaPagamento.csv	14054243	262.50886302
201501_BolsaFamiliaFolhaPagamento.csv	14026988	239.904065274
201502_BolsaFamiliaFolhaPagamento.csv	14042558	252.647826525
201503_BolsaFamiliaFolhaPagamento.csv	14004026	247.994781542
201504_BolsaFamiliaFolhaPagamento.csv	13787678	243.355097127
201505_BolsaFamiliaFolhaPagamento.csv	13779988	256.27158877
201506_BolsaFamiliaFolhaPagamento.csv	13753665	251.810375086
201507_BolsaFamiliaFolhaPagamento.csv	13861879	253.747528131
201508_BolsaFamiliaFolhaPagamento.csv	13823829	251.624354027
201509_BolsaFamiliaFolhaPagamento.csv	13912767	261.017963494
201510_BolsaFamiliaFolhaPagamento.csv	14002752	262.9178814
201511_BolsaFamiliaFolhaPagamento.csv	13815096	263.845691667
201512_BolsaFamiliaFolhaPagamento.csv	13980491	263.02520699
201601_BolsaFamiliaFolhaPagamento.csv	14020581	267.258260212
201602_BolsaFamiliaFolhaPagamento.csv	14008965	270.82899348
201603_BolsaFamiliaFolhaPagamento.csv	13868458	274.684562532
201604_BolsaFamiliaFolhaPagamento.csv	13932487	261.42475413
201605_BolsaFamiliaFolhaPagamento.csv	13872465	281.342199421
201606_BolsaFamiliaFolhaPagamento.csv	13849866	271.851388952

Arquivo	Registros	Tempo
201407_BolsaFamiliaFolhaPagamento.csv	14389582	254.497111598
201408_BolsaFamiliaFolhaPagamento.csv	14131123	255.826004436
201409_BolsaFamiliaFolhaPagamento.csv	14143630	250.921207068
201410_BolsaFamiliaFolhaPagamento.csv	14076919	250.04724845
201411_BolsaFamiliaFolhaPagamento.csv	14109947	236.003347213
201412_BolsaFamiliaFolhaPagamento.csv	14054243	245.324237027
201501_BolsaFamiliaFolhaPagamento.csv	14026988	249.906279356
201502_BolsaFamiliaFolhaPagamento.csv	14042558	267.377676228
201503_BolsaFamiliaFolhaPagamento.csv	14004026	255.584092452
201504_BolsaFamiliaFolhaPagamento.csv	13787678	242.440919889
201505_BolsaFamiliaFolhaPagamento.csv	13779988	245.034370987
201506_BolsaFamiliaFolhaPagamento.csv	13753665	243.909759062
201507_BolsaFamiliaFolhaPagamento.csv	13861879	245.739676975
201508_BolsaFamiliaFolhaPagamento.csv	13823829	249.062732993
201509_BolsaFamiliaFolhaPagamento.csv	13912767	264.572182086
201510_BolsaFamiliaFolhaPagamento.csv	14002752	258.795383654
201511_BolsaFamiliaFolhaPagamento.csv	13815096	256.104341991
201512_BolsaFamiliaFolhaPagamento.csv	13980491	263.583781016
201601_BolsaFamiliaFolhaPagamento.csv	14020581	255.783014318
201602_BolsaFamiliaFolhaPagamento.csv	14008965	264.259007119
201603_BolsaFamiliaFolhaPagamento.csv	13868458	275.794692154
201604_BolsaFamiliaFolhaPagamento.csv	13932487	247.506053043
201605_BolsaFamiliaFolhaPagamento.csv	13872465	253.855159205
201606_BolsaFamiliaFolhaPagamento.csv	13849866	257.436310123
