Arquivo	Registros	Tempo
201407_BolsaFamiliaFolhaPagamento.csv	14389582	314.263279177
201408_BolsaFamiliaFolhaPagamento.csv	14131123	305.237814157
201409_BolsaFamiliaFolhaPagamento.csv	14143630	295.836425855
201410_BolsaFamiliaFolhaPagamento.csv	14076919	302.575153387
201411_BolsaFamiliaFolhaPagamento.csv	14109947	307.301441806
201412_BolsaFamiliaFolhaPagamento.csv	14054243	298.259396555
201501_BolsaFamiliaFolhaPagamento.csv	14026988	315.431180652
201502_BolsaFamiliaFolhaPagamento.csv	14042558	300.045421011
201503_BolsaFamiliaFolhaPagamento.csv	14004026	296.537881831
201504_BolsaFamiliaFolhaPagamento.csv	13787678	292.334916041
201505_BolsaFamiliaFolhaPagamento.csv	13779988	290.74759564
201506_BolsaFamiliaFolhaPagamento.csv	13753665	293.690436962
201507_BolsaFamiliaFolhaPagamento.csv	13861879	311.210783484
201508_BolsaFamiliaFolhaPagamento.csv	13823829	293.392529928
201509_BolsaFamiliaFolhaPagamento.csv	13912767	294.846157726
201510_BolsaFamiliaFolhaPagamento.csv	14002752	299.891357801
201511_BolsaFamiliaFolhaPagamento.csv	13815096	300.302204301
201512_BolsaFamiliaFolhaPagamento.csv	13980491	299.422905629
201601_BolsaFamiliaFolhaPagamento.csv	14020581	308.633522547
201602_BolsaFamiliaFolhaPagamento.csv	14008965	298.84796823
201603_BolsaFamiliaFolhaPagamento.csv	13868458	294.491668691
201604_BolsaFamiliaFolhaPagamento.csv	13932487	292.585217391
201605_BolsaFamiliaFolhaPagamento.csv	13872465	290.00627876
201606_BolsaFamiliaFolhaPagamento.csv	13849866	299.869085406

Arquivo	Registros	Tempo
201407_BolsaFamiliaFolhaPagamento.csv	14389582	297.833657503
201408_BolsaFamiliaFolhaPagamento.csv	14131123	300.445399587
201409_BolsaFamiliaFolhaPagamento.csv	14143630	297.430664561
201410_BolsaFamiliaFolhaPagamento.csv	14076919	301.745557881
201411_BolsaFamiliaFolhaPagamento.csv	14109947	303.065250395
201412_BolsaFamiliaFolhaPagamento.csv	14054243	299.275913074
201501_BolsaFamiliaFolhaPagamento.csv	14026988	321.81057629
201502_BolsaFamiliaFolhaPagamento.csv	14042558	308.307346168
201503_BolsaFamiliaFolhaPagamento.csv	14004026	293.404590663
201504_BolsaFamiliaFolhaPagamento.csv	13787678	292.621790098
201505_BolsaFamiliaFolhaPagamento.csv	13779988	304.463239803
201506_BolsaFamiliaFolhaPagamento.csv	13753665	293.303937776
201507_BolsaFamiliaFolhaPagamento.csv	13861879	315.817525098
201508_BolsaFamiliaFolhaPagamento.csv	13823829	293.802305231
201509_BolsaFamiliaFolhaPagamento.csv	13912767	295.063152678
201510_BolsaFamiliaFolhaPagamento.csv	14002752	302.101943466
201511_BolsaFamiliaFolhaPagamento.csv	13815096	302.236224804
201512_BolsaFamiliaFolhaPagamento.csv	13980491	306.224597645
201601_BolsaFamiliaFolhaPagamento.csv	14020581	316.471638556
201602_BolsaFamiliaFolhaPagamento.csv	14008965	311.685564046
201603_BolsaFamiliaFolhaPagamento.csv	13868458	290.963467856
201604_BolsaFamiliaFolhaPagamento.csv	13932487	283.878197481
201605_BolsaFamiliaFolhaPagamento.csv	13872465	297.4714431
201606_BolsaFamiliaFolhaPagamento.csv	13849866	303.91638327

Arquivo	Registros	Tempo
201407_BolsaFamiliaFolhaPagamento.csv	14389582	294.973954059
201408_BolsaFamiliaFolhaPagamento.csv	14131123	298.076135776
201409_BolsaFamiliaFolhaPagamento.csv	14143630	290.168826473
201410_BolsaFamiliaFolhaPagamento.csv	14076919	296.114489276
201411_BolsaFamiliaFolhaPagamento.csv	14109947	297.177119288
201412_BolsaFamiliaFolhaPagamento.csv	14054243	291.285476536
201501_BolsaFamiliaFolhaPagamento.csv	14026988	306.350753741
201502_BolsaFamiliaFolhaPagamento.csv	14042558	295.24780624
201503_BolsaFamiliaFolhaPagamento.csv	14004026	288.946998007
201504_BolsaFamiliaFolhaPagamento.csv	13787678	288.875485553
201505_BolsaFamiliaFolhaPagamento.csv	13779988	286.259517361
201506_BolsaFamiliaFolhaPagamento.csv	13753665	293.865516086
201507_BolsaFamiliaFolhaPagamento.csv	13861879	313.70396038
201508_BolsaFamiliaFolhaPagamento.csv	13823829	292.73544533
201509_BolsaFamiliaFolhaPagamento.csv	13912767	291.116480776
201510_BolsaFamiliaFolhaPagamento.csv	14002752	303.163253993
201511_BolsaFamiliaFolhaPagamento.csv	13815096	295.818712142
201512_BolsaFamiliaFolhaPagamento.csv	13980491	304.0901333
201601_BolsaFamiliaFolhaPagamento.csv	14020581	306.612182419
201602_BolsaFamiliaFolhaPagamento.csv	14008965	296.109370984
201603_BolsaFamiliaFolhaPagamento.csv	13868458	293.782529009
201604_BolsaFamiliaFolhaPagamento.csv	13932487	292.991627344
201605_BolsaFamiliaFolhaPagamento.csv	13872465	290.38731133
201606_BolsaFamiliaFolhaPagamento.csv	13849866	295.589862121

Arquivo	Registros	Tempo
201407_BolsaFamiliaFolhaPagamento.csv	14389582	295.633430568
201408_BolsaFamiliaFolhaPagamento.csv	14131123	295.12826252
201409_BolsaFamiliaFolhaPagamento.csv	14143630	289.758790288
201410_BolsaFamiliaFolhaPagamento.csv	14076919	295.981309553
201411_BolsaFamiliaFolhaPagamento.csv	14109947	297.180914996
201412_BolsaFamiliaFolhaPagamento.csv	14054243	291.160268366
201501_BolsaFamiliaFolhaPagamento.csv	14026988	306.624876755
201502_BolsaFamiliaFolhaPagamento.csv	14042558	302.312149392
201503_BolsaFamiliaFolhaPagamento.csv	14004026	291.996412472
201504_BolsaFamiliaFolhaPagamento.csv	13787678	285.747413931
201505_BolsaFamiliaFolhaPagamento.csv	13779988	292.846114963
201506_BolsaFamiliaFolhaPagamento.csv	13753665	287.730942193
201507_BolsaFamiliaFolhaPagamento.csv	13861879	304.774927992
201508_BolsaFamiliaFolhaPagamento.csv	13823829	288.497854147
201509_BolsaFamiliaFolhaPagamento.csv	13912767	290.181185021
201510_BolsaFamiliaFolhaPagamento.csv	14002752	297.478985496
201511_BolsaFamiliaFolhaPagamento.csv	13815096	292.218287655
201512_BolsaFamiliaFolhaPagamento.csv	13980491	296.491688132
201601_BolsaFamiliaFolhaPagamento.csv	14020581	311.394205921
201602_BolsaFamiliaFolhaPagamento.csv	14008965	297.239552864
201603_BolsaFamiliaFolhaPagamento.csv	13868458	295.038409734
201604_BolsaFamiliaFolhaPagamento.csv	13932487	286.596702398
201605_BolsaFamiliaFolhaPagamento.csv	13872465	290.350522313
201606_BolsaFamiliaFolhaPagamento.csv	13849866	298.410513884

Arquivo	Registros	Tempo
201407_BolsaFamiliaFolhaPagamento.csv	14389582	302.688494306
201408_BolsaFamiliaFolhaPagamento.csv	14131123	295.78686817
201409_BolsaFamiliaFolhaPagamento.csv	14143630	293.75883449
201410_BolsaFamiliaFolhaPagamento.csv	14076919	300.92151952
201411_BolsaFamiliaFolhaPagamento.csv	14109947	303.271074797
201412_BolsaFamiliaFolhaPagamento.csv	14054243	291.243171273
201501_BolsaFamiliaFolhaPagamento.csv	14026988	312.279477895
201502_BolsaFamiliaFolhaPagamento.csv	14042558	302.540328927
201503_BolsaFamiliaFolhaPagamento.csv	14004026	292.61981844
201504_BolsaFamiliaFolhaPagamento.csv	13787678	288.081610996
201505_BolsaFamiliaFolhaPagamento.csv	13779988	292.618080816
201506_BolsaFamiliaFolhaPagamento.csv	13753665	293.537396883
201507_BolsaFamiliaFolhaPagamento.csv	13861879	307.334891569
201508_BolsaFamiliaFolhaPagamento.csv	13823829	292.873712266
201509_BolsaFamiliaFolhaPagamento.csv	13912767	299.09391689
201510_BolsaFamiliaFolhaPagamento.csv	14002752	300.862214566
201511_BolsaFamiliaFolhaPagamento.csv	13815096	295.768387515
201512_BolsaFamiliaFolhaPagamento.csv	13980491	300.232338602
201601_BolsaFamiliaFolhaPagamento.csv	14020581	319.701609884
201602_BolsaFamiliaFolhaPagamento.csv	14008965	301.861570207
201603_BolsaFamiliaFolhaPagamento.csv	13868458	300.942761002
201604_BolsaFamiliaFolhaPagamento.csv	13932487	289.937564099
201605_BolsaFamiliaFolhaPagamento.csv	13872465	295.552450684
201606_BolsaFamiliaFolhaPagamento.csv	13849866	302.396421123

Arquivo	Registros	Tempo
201407_BolsaFamiliaFolhaPagamento.csv	14389582	298.290685246
201408_BolsaFamiliaFolhaPagamento.csv	14131123	298.249358365
201409_BolsaFamiliaFolhaPagamento.csv	14143630	297.016368712
201410_BolsaFamiliaFolhaPagamento.csv	14076919	303.559021278
201411_BolsaFamiliaFolhaPagamento.csv	14109947	303.744606229
201412_BolsaFamiliaFolhaPagamento.csv	14054243	295.435523735
201501_BolsaFamiliaFolhaPagamento.csv	14026988	316.090275584
201502_BolsaFamiliaFolhaPagamento.csv	14042558	303.825105091
201503_BolsaFamiliaFolhaPagamento.csv	14004026	292.288362784
201504_BolsaFamiliaFolhaPagamento.csv	13787678	293.397481859
201505_BolsaFamiliaFolhaPagamento.csv	13779988	306.129955482
201506_BolsaFamiliaFolhaPagamento.csv	13753665	292.502181732
201507_BolsaFamiliaFolhaPagamento.csv	13861879	316.568604635
201508_BolsaFamiliaFolhaPagamento.csv	13823829	296.425414574
201509_BolsaFamiliaFolhaPagamento.csv	13912767	307.955804197
201510_BolsaFamiliaFolhaPagamento.csv	14002752	304.084985934
201511_BolsaFamiliaFolhaPagamento.csv	13815096	303.546360715
201512_BolsaFamiliaFolhaPagamento.csv	13980491	305.546859487
201601_BolsaFamiliaFolhaPagamento.csv	14020581	327.261976082
201602_BolsaFamiliaFolhaPagamento.csv	14008965	315.006139888
201603_BolsaFamiliaFolhaPagamento.csv	13868458	301.67435031
201604_BolsaFamiliaFolhaPagamento.csv	13932487	286.874418715
201605_BolsaFamiliaFolhaPagamento.csv	13872465	303.740832025
201606_BolsaFamiliaFolhaPagamento.csv	13849866	302.462536181

Arquivo	Registros	Tempo
201407_BolsaFamiliaFolhaPagamento.csv	14389582	294.35101345
201408_BolsaFamiliaFolhaPagamento.csv	14131123	299.511731582
201409_BolsaFamiliaFolhaPagamento.csv	14143630	289.138813693
201410_BolsaFamiliaFolhaPagamento.csv	14076919	294.476758662
201411_BolsaFamiliaFolhaPagamento.csv	14109947	296.153844426
201412_BolsaFamiliaFolhaPagamento.csv	14054243	288.337962265
201501_BolsaFamiliaFolhaPagamento.csv	14026988	305.707081775
201502_BolsaFamiliaFolhaPagamento.csv	14042558	298.775046094
201503_BolsaFamiliaFolhaPagamento.csv	14004026	288.642910059
201504_BolsaFamiliaFolhaPagamento.csv	13787678	285.58007068
201505_BolsaFamiliaFolhaPagamento.csv	13779988	287.719965759
201506_BolsaFamiliaFolhaPagamento.csv	13753665	291.860757447
201507_BolsaFamiliaFolhaPagamento.csv	13861879	304.118583868
201508_BolsaFamiliaFolhaPagamento.csv	13823829	286.299932155
201509_BolsaFamiliaFolhaPagamento.csv	13912767	289.494169082
201510_BolsaFamiliaFolhaPagamento.csv	14002752	294.308192225
201511_BolsaFamiliaFolhaPagamento.csv	13815096	293.716363573
201512_BolsaFamiliaFolhaPagamento.csv	13980491	298.107732021
201601_BolsaFamiliaFolhaPagamento.csv	14020581	309.306694528
201602_BolsaFamiliaFolhaPagamento.csv	14008965	295.669656111
201603_BolsaFamiliaFolhaPagamento.csv	13868458	294.162904461
201604_BolsaFamiliaFolhaPagamento.csv	13932487	284.621196914
201605_BolsaFamiliaFolhaPagamento.csv	13872465	288.890499444
201606_BolsaFamiliaFolhaPagamento.csv	13849866	297.777777733

Arquivo	Registros	Tempo
201407_BolsaFamiliaFolhaPagamento.csv	14389582	297.92685781
201408_BolsaFamiliaFolhaPagamento.csv	14131123	294.874672343
201409_BolsaFamiliaFolhaPagamento.csv	14143630	292.324590448
201410_BolsaFamiliaFolhaPagamento.csv	14076919	299.81825676
201411_BolsaFamiliaFolhaPagamento.csv	14109947	297.195551442
201412_BolsaFamiliaFolhaPagamento.csv	14054243	289.083823633
201501_BolsaFamiliaFolhaPagamento.csv	14026988	307.627456552
201502_BolsaFamiliaFolhaPagamento.csv	14042558	301.932710083
201503_BolsaFamiliaFolhaPagamento.csv	14004026	289.094719775
201504_BolsaFamiliaFolhaPagamento.csv	13787678	286.162005623
201505_BolsaFamiliaFolhaPagamento.csv	13779988	290.31671841
201506_BolsaFamiliaFolhaPagamento.csv	13753665	291.554287254
201507_BolsaFamiliaFolhaPagamento.csv	13861879	308.509720845
201508_BolsaFamiliaFolhaPagamento.csv	13823829	290.130880342
201509_BolsaFamiliaFolhaPagamento.csv	13912767	292.726174322
201510_BolsaFamiliaFolhaPagamento.csv	14002752	300.892813243
201511_BolsaFamiliaFolhaPagamento.csv	13815096	296.76320838
201512_BolsaFamiliaFolhaPagamento.csv	13980491	300.205951788
201601_BolsaFamiliaFolhaPagamento.csv	14020581	311.507110913
201602_BolsaFamiliaFolhaPagamento.csv	14008965	300.269133055
201603_BolsaFamiliaFolhaPagamento.csv	13868458	291.393324647
201604_BolsaFamiliaFolhaPagamento.csv	13932487	289.030376333
201605_BolsaFamiliaFolhaPagamento.csv	13872465	295.04883247
201606_BolsaFamiliaFolhaPagamento.csv	13849866	302.539204428

Arquivo	Registros	Tempo
201407_BolsaFamiliaFolhaPagamento.csv	14389582	300.883761702
201408_BolsaFamiliaFolhaPagamento.csv	14131123	298.894470994
201409_BolsaFamiliaFolhaPagamento.csv	14143630	296.539398263
201410_BolsaFamiliaFolhaPagamento.csv	14076919	305.460554457
201411_BolsaFamiliaFolhaPagamento.csv	14109947	304.958321105
201412_BolsaFamiliaFolhaPagamento.csv	14054243	293.246138813
201501_BolsaFamiliaFolhaPagamento.csv	14026988	315.63339378
201502_BolsaFamiliaFolhaPagamento.csv	14042558	313.773930121
201503_BolsaFamiliaFolhaPagamento.csv	14004026	293.872908131
201504_BolsaFamiliaFolhaPagamento.csv	13787678	288.943554352
201505_BolsaFamiliaFolhaPagamento.csv	13779988	293.379840651
201506_BolsaFamiliaFolhaPagamento.csv	13753665	288.756582182
201507_BolsaFamiliaFolhaPagamento.csv	13861879	312.537883181
201508_BolsaFamiliaFolhaPagamento.csv	13823829	290.545664019
201509_BolsaFamiliaFolhaPagamento.csv	13912767	295.794522711
201510_BolsaFamiliaFolhaPagamento.csv	14002752	299.419584707
201511_BolsaFamiliaFolhaPagamento.csv	13815096	295.211142114
201512_BolsaFamiliaFolhaPagamento.csv	13980491	300.543756477
201601_BolsaFamiliaFolhaPagamento.csv	14020581	314.678047174
201602_BolsaFamiliaFolhaPagamento.csv	14008965	305.979673526
201603_BolsaFamiliaFolhaPagamento.csv	13868458	295.76246364
201604_BolsaFamiliaFolhaPagamento.csv	13932487	291.410311414
201605_BolsaFamiliaFolhaPagamento.csv	13872465	293.328893697
201606_BolsaFamiliaFolhaPagamento.csv	13849866	299.772983617

Arquivo	Registros	Tempo
201407_BolsaFamiliaFolhaPagamento.csv	14389582	297.945686468
201408_BolsaFamiliaFolhaPagamento.csv	14131123	298.561546414
201409_BolsaFamiliaFolhaPagamento.csv	14143630	296.780456632
201410_BolsaFamiliaFolhaPagamento.csv	14076919	301.016344491
201411_BolsaFamiliaFolhaPagamento.csv	14109947	304.538862168
201412_BolsaFamiliaFolhaPagamento.csv	14054243	292.974331784
201501_BolsaFamiliaFolhaPagamento.csv	14026988	315.389691426
201502_BolsaFamiliaFolhaPagamento.csv	14042558	303.229635273
201503_BolsaFamiliaFolhaPagamento.csv	14004026	295.120375364
201504_BolsaFamiliaFolhaPagamento.csv	13787678	290.560916046
201505_BolsaFamiliaFolhaPagamento.csv	13779988	298.486434905
201506_BolsaFamiliaFolhaPagamento.csv	13753665	291.913556868
201507_BolsaFamiliaFolhaPagamento.csv	13861879	317.597905833
201508_BolsaFamiliaFolhaPagamento.csv	13823829	297.261378539
201509_BolsaFamiliaFolhaPagamento.csv	13912767	301.179214229
201510_BolsaFamiliaFolhaPagamento.csv	14002752	306.716915776
201511_BolsaFamiliaFolhaPagamento.csv	13815096	300.023384535
201512_BolsaFamiliaFolhaPagamento.csv	13980491	305.215361094
201601_BolsaFamiliaFolhaPagamento.csv	14020581	316.989423887
201602_BolsaFamiliaFolhaPagamento.csv	14008965	303.945756567
201603_BolsaFamiliaFolhaPagamento.csv	13868458	291.635218056
201604_BolsaFamiliaFolhaPagamento.csv	13932487	291.346370365
201605_BolsaFamiliaFolhaPagamento.csv	13872465	291.340701817
201606_BolsaFamiliaFolhaPagamento.csv	13849866	295.584653635

