Arquivo	Registros	Tempo
201407_BolsaFamiliaFolhaPagamento.csv	14389582	271.573291178
201408_BolsaFamiliaFolhaPagamento.csv	14131123	289.393372326
201409_BolsaFamiliaFolhaPagamento.csv	14143630	259.649016675
201410_BolsaFamiliaFolhaPagamento.csv	14076919	283.705906518
201411_BolsaFamiliaFolhaPagamento.csv	14109947	289.301048968
201412_BolsaFamiliaFolhaPagamento.csv	14054243	269.794198172
201501_BolsaFamiliaFolhaPagamento.csv	14026988	262.112292873
201502_BolsaFamiliaFolhaPagamento.csv	14042558	253.456842712
201503_BolsaFamiliaFolhaPagamento.csv	14004026	259.656363428
201504_BolsaFamiliaFolhaPagamento.csv	13787678	255.525908886
201505_BolsaFamiliaFolhaPagamento.csv	13779988	249.373501536
201506_BolsaFamiliaFolhaPagamento.csv	13753665	263.759686018

Arquivo	Registros	Tempo
201407_BolsaFamiliaFolhaPagamento.csv	14389582	251.190784462
201408_BolsaFamiliaFolhaPagamento.csv	14131123	260.072208165
201409_BolsaFamiliaFolhaPagamento.csv	14143630	261.985321077
201410_BolsaFamiliaFolhaPagamento.csv	14076919	270.559169334
201411_BolsaFamiliaFolhaPagamento.csv	14109947	273.022472211
201412_BolsaFamiliaFolhaPagamento.csv	14054243	275.278330031
201501_BolsaFamiliaFolhaPagamento.csv	14026988	261.223898117
201502_BolsaFamiliaFolhaPagamento.csv	14042558	279.554229259
201503_BolsaFamiliaFolhaPagamento.csv	14004026	264.828209506
201504_BolsaFamiliaFolhaPagamento.csv	13787678	259.454822995
201505_BolsaFamiliaFolhaPagamento.csv	13779988	251.764732921
201506_BolsaFamiliaFolhaPagamento.csv	13753665	246.380497675

Arquivo	Registros	Tempo
201407_BolsaFamiliaFolhaPagamento.csv	14389582	234.290028176
201408_BolsaFamiliaFolhaPagamento.csv	14131123	240.444878512
201409_BolsaFamiliaFolhaPagamento.csv	14143630	243.232079413
201410_BolsaFamiliaFolhaPagamento.csv	14076919	246.630560445
201411_BolsaFamiliaFolhaPagamento.csv	14109947	244.681444628
201412_BolsaFamiliaFolhaPagamento.csv	14054243	248.073682816
201501_BolsaFamiliaFolhaPagamento.csv	14026988	256.274609455
201502_BolsaFamiliaFolhaPagamento.csv	14042558	248.814457958
201503_BolsaFamiliaFolhaPagamento.csv	14004026	246.605690462
201504_BolsaFamiliaFolhaPagamento.csv	13787678	244.924244864
201505_BolsaFamiliaFolhaPagamento.csv	13779988	251.888155932
201506_BolsaFamiliaFolhaPagamento.csv	13753665	246.097519276

Arquivo	Registros	Tempo
201407_BolsaFamiliaFolhaPagamento.csv	14389582	240.568604018
201408_BolsaFamiliaFolhaPagamento.csv	14131123	241.915961814
201409_BolsaFamiliaFolhaPagamento.csv	14143630	252.728645765
201410_BolsaFamiliaFolhaPagamento.csv	14076919	256.56802991
201411_BolsaFamiliaFolhaPagamento.csv	14109947	237.419590883
201412_BolsaFamiliaFolhaPagamento.csv	14054243	259.269753185
201501_BolsaFamiliaFolhaPagamento.csv	14026988	262.314212663
201502_BolsaFamiliaFolhaPagamento.csv	14042558	243.399806886
201503_BolsaFamiliaFolhaPagamento.csv	14004026	248.434094364
201504_BolsaFamiliaFolhaPagamento.csv	13787678	257.736257116
201505_BolsaFamiliaFolhaPagamento.csv	13779988	257.694024331
201506_BolsaFamiliaFolhaPagamento.csv	13753665	261.628637296

Arquivo	Registros	Tempo
201407_BolsaFamiliaFolhaPagamento.csv	14389582	243.064479604
201408_BolsaFamiliaFolhaPagamento.csv	14131123	246.036755962
201409_BolsaFamiliaFolhaPagamento.csv	14143630	262.534263758
201410_BolsaFamiliaFolhaPagamento.csv	14076919	264.43384207
201411_BolsaFamiliaFolhaPagamento.csv	14109947	256.27418487
201412_BolsaFamiliaFolhaPagamento.csv	14054243	271.055829183
201501_BolsaFamiliaFolhaPagamento.csv	14026988	256.695499841
201502_BolsaFamiliaFolhaPagamento.csv	14042558	257.908130064
201503_BolsaFamiliaFolhaPagamento.csv	14004026	265.901743472
201504_BolsaFamiliaFolhaPagamento.csv	13787678	256.450819616
201505_BolsaFamiliaFolhaPagamento.csv	13779988	250.450376681
201506_BolsaFamiliaFolhaPagamento.csv	13753665	264.917551246

Arquivo	Registros	Tempo
201407_BolsaFamiliaFolhaPagamento.csv	14389582	253.005449898
201408_BolsaFamiliaFolhaPagamento.csv	14131123	245.277973012
201409_BolsaFamiliaFolhaPagamento.csv	14143630	243.303360316
201410_BolsaFamiliaFolhaPagamento.csv	14076919	246.365082092
201411_BolsaFamiliaFolhaPagamento.csv	14109947	237.360375458
201412_BolsaFamiliaFolhaPagamento.csv	14054243	249.042173077
201501_BolsaFamiliaFolhaPagamento.csv	14026988	256.944285778
201502_BolsaFamiliaFolhaPagamento.csv	14042558	250.769332521
201503_BolsaFamiliaFolhaPagamento.csv	14004026	242.156094043
201504_BolsaFamiliaFolhaPagamento.csv	13787678	245.916745506
201505_BolsaFamiliaFolhaPagamento.csv	13779988	245.68660495
201506_BolsaFamiliaFolhaPagamento.csv	13753665	245.642302848

Arquivo	Registros	Tempo
201407_BolsaFamiliaFolhaPagamento.csv	14389582	248.183959751
201408_BolsaFamiliaFolhaPagamento.csv	14131123	246.601813586
201409_BolsaFamiliaFolhaPagamento.csv	14143630	247.548101514
201410_BolsaFamiliaFolhaPagamento.csv	14076919	256.73675803
201411_BolsaFamiliaFolhaPagamento.csv	14109947	246.872996873
201412_BolsaFamiliaFolhaPagamento.csv	14054243	256.60638556
201501_BolsaFamiliaFolhaPagamento.csv	14026988	260.463078473
201502_BolsaFamiliaFolhaPagamento.csv	14042558	259.976712167
201503_BolsaFamiliaFolhaPagamento.csv	14004026	268.735917089
201504_BolsaFamiliaFolhaPagamento.csv	13787678	260.51573062
201505_BolsaFamiliaFolhaPagamento.csv	13779988	256.298090584
201506_BolsaFamiliaFolhaPagamento.csv	13753665	256.830866492

Arquivo	Registros	Tempo
201407_BolsaFamiliaFolhaPagamento.csv	14389582	253.01122923
201408_BolsaFamiliaFolhaPagamento.csv	14131123	258.439590842
201409_BolsaFamiliaFolhaPagamento.csv	14143630	264.285714455
201410_BolsaFamiliaFolhaPagamento.csv	14076919	267.919191777
201411_BolsaFamiliaFolhaPagamento.csv	14109947	259.461405858
201412_BolsaFamiliaFolhaPagamento.csv	14054243	267.866871932
201501_BolsaFamiliaFolhaPagamento.csv	14026988	263.664051302
201502_BolsaFamiliaFolhaPagamento.csv	14042558	290.271875376
201503_BolsaFamiliaFolhaPagamento.csv	14004026	283.131099331
201504_BolsaFamiliaFolhaPagamento.csv	13787678	240.671756843
201505_BolsaFamiliaFolhaPagamento.csv	13779988	243.252295329
201506_BolsaFamiliaFolhaPagamento.csv	13753665	252.884380785

Arquivo	Registros	Tempo
201407_BolsaFamiliaFolhaPagamento.csv	14389582	243.18202674
201408_BolsaFamiliaFolhaPagamento.csv	14131123	248.839616698
201409_BolsaFamiliaFolhaPagamento.csv	14143630	254.311144873
201410_BolsaFamiliaFolhaPagamento.csv	14076919	252.701907177
201411_BolsaFamiliaFolhaPagamento.csv	14109947	245.925739026
201412_BolsaFamiliaFolhaPagamento.csv	14054243	261.589822032
201501_BolsaFamiliaFolhaPagamento.csv	14026988	263.233384762
201502_BolsaFamiliaFolhaPagamento.csv	14042558	259.796015942
201503_BolsaFamiliaFolhaPagamento.csv	14004026	252.767658771
201504_BolsaFamiliaFolhaPagamento.csv	13787678	256.236828324
201505_BolsaFamiliaFolhaPagamento.csv	13779988	267.439996262
201506_BolsaFamiliaFolhaPagamento.csv	13753665	271.380221246

Arquivo	Registros	Tempo
201407_BolsaFamiliaFolhaPagamento.csv	14389582	256.63206642
201408_BolsaFamiliaFolhaPagamento.csv	14131123	257.299474128
201409_BolsaFamiliaFolhaPagamento.csv	14143630	265.643142279
201410_BolsaFamiliaFolhaPagamento.csv	14076919	269.003921156
201411_BolsaFamiliaFolhaPagamento.csv	14109947	266.696967203
201412_BolsaFamiliaFolhaPagamento.csv	14054243	288.707104671
201501_BolsaFamiliaFolhaPagamento.csv	14026988	266.22345305
201502_BolsaFamiliaFolhaPagamento.csv	14042558	270.589762943
201503_BolsaFamiliaFolhaPagamento.csv	14004026	275.232812754
201504_BolsaFamiliaFolhaPagamento.csv	13787678	268.444576031
201505_BolsaFamiliaFolhaPagamento.csv	13779988	279.318969904
201506_BolsaFamiliaFolhaPagamento.csv	13753665	253.747032832

