Arquivo	Registros	Tempo
201407_BolsaFamiliaFolhaPagamento.csv	14389582	290.58850569
201408_BolsaFamiliaFolhaPagamento.csv	14131123	283.155518383
201409_BolsaFamiliaFolhaPagamento.csv	14143630	276.825084124
201410_BolsaFamiliaFolhaPagamento.csv	14076919	305.058946566
201411_BolsaFamiliaFolhaPagamento.csv	14109947	253.248063286
201412_BolsaFamiliaFolhaPagamento.csv	14054243	259.304521636
201501_BolsaFamiliaFolhaPagamento.csv	14026988	251.9427991
201502_BolsaFamiliaFolhaPagamento.csv	14042558	264.317384042
201503_BolsaFamiliaFolhaPagamento.csv	14004026	258.080294101
201504_BolsaFamiliaFolhaPagamento.csv	13787678	257.659873718
201505_BolsaFamiliaFolhaPagamento.csv	13779988	265.293028627
201506_BolsaFamiliaFolhaPagamento.csv	13753665	264.090256996
201507_BolsaFamiliaFolhaPagamento.csv	13861879	265.983687675
201508_BolsaFamiliaFolhaPagamento.csv	13823829	268.004128697
201509_BolsaFamiliaFolhaPagamento.csv	13912767	272.557713162
201510_BolsaFamiliaFolhaPagamento.csv	14002752	289.754748225
201511_BolsaFamiliaFolhaPagamento.csv	13815096	272.017015727
201512_BolsaFamiliaFolhaPagamento.csv	13980491	279.813257549
201601_BolsaFamiliaFolhaPagamento.csv	14020581	278.142220881
201602_BolsaFamiliaFolhaPagamento.csv	14008965	291.950558024
201603_BolsaFamiliaFolhaPagamento.csv	13868458	271.91746837
201604_BolsaFamiliaFolhaPagamento.csv	13932487	282.019067518
201605_BolsaFamiliaFolhaPagamento.csv	13872465	286.654128149
201606_BolsaFamiliaFolhaPagamento.csv	13849866	267.895663868

Arquivo	Registros	Tempo
201407_BolsaFamiliaFolhaPagamento.csv	14389582	238.776255845
201408_BolsaFamiliaFolhaPagamento.csv	14131123	241.745344477
201409_BolsaFamiliaFolhaPagamento.csv	14143630	245.884393231
201410_BolsaFamiliaFolhaPagamento.csv	14076919	257.047034986
201411_BolsaFamiliaFolhaPagamento.csv	14109947	241.548974265
201412_BolsaFamiliaFolhaPagamento.csv	14054243	253.141975407
201501_BolsaFamiliaFolhaPagamento.csv	14026988	251.767934405
201502_BolsaFamiliaFolhaPagamento.csv	14042558	251.374268231
201503_BolsaFamiliaFolhaPagamento.csv	14004026	246.852631629
201504_BolsaFamiliaFolhaPagamento.csv	13787678	242.232194073
201505_BolsaFamiliaFolhaPagamento.csv	13779988	248.965228278
201506_BolsaFamiliaFolhaPagamento.csv	13753665	250.932996169
201507_BolsaFamiliaFolhaPagamento.csv	13861879	260.535377305
201508_BolsaFamiliaFolhaPagamento.csv	13823829	259.449065771
201509_BolsaFamiliaFolhaPagamento.csv	13912767	272.374197687
201510_BolsaFamiliaFolhaPagamento.csv	14002752	261.952633854
201511_BolsaFamiliaFolhaPagamento.csv	13815096	270.584901711
201512_BolsaFamiliaFolhaPagamento.csv	13980491	266.551740606
201601_BolsaFamiliaFolhaPagamento.csv	14020581	275.407444277
201602_BolsaFamiliaFolhaPagamento.csv	14008965	252.154175357
201603_BolsaFamiliaFolhaPagamento.csv	13868458	244.931095073
201604_BolsaFamiliaFolhaPagamento.csv	13932487	255.545200234
201605_BolsaFamiliaFolhaPagamento.csv	13872465	264.767195118
201606_BolsaFamiliaFolhaPagamento.csv	13849866	269.805111044

Arquivo	Registros	Tempo
201407_BolsaFamiliaFolhaPagamento.csv	14389582	246.833146204
201408_BolsaFamiliaFolhaPagamento.csv	14131123	253.073485919
201409_BolsaFamiliaFolhaPagamento.csv	14143630	261.555291743
201410_BolsaFamiliaFolhaPagamento.csv	14076919	268.767993916
201411_BolsaFamiliaFolhaPagamento.csv	14109947	260.768812633
201412_BolsaFamiliaFolhaPagamento.csv	14054243	264.669652522
201501_BolsaFamiliaFolhaPagamento.csv	14026988	262.400375629
201502_BolsaFamiliaFolhaPagamento.csv	14042558	247.301509711
201503_BolsaFamiliaFolhaPagamento.csv	14004026	257.103792154
201504_BolsaFamiliaFolhaPagamento.csv	13787678	245.63064592
201505_BolsaFamiliaFolhaPagamento.csv	13779988	252.405291668
201506_BolsaFamiliaFolhaPagamento.csv	13753665	247.889201513
201507_BolsaFamiliaFolhaPagamento.csv	13861879	248.064539423
201508_BolsaFamiliaFolhaPagamento.csv	13823829	254.228034369
201509_BolsaFamiliaFolhaPagamento.csv	13912767	254.113278444
201510_BolsaFamiliaFolhaPagamento.csv	14002752	261.215618717
201511_BolsaFamiliaFolhaPagamento.csv	13815096	255.57341336
201512_BolsaFamiliaFolhaPagamento.csv	13980491	256.640713418
201601_BolsaFamiliaFolhaPagamento.csv	14020581	278.637195417
201602_BolsaFamiliaFolhaPagamento.csv	14008965	263.804901009
201603_BolsaFamiliaFolhaPagamento.csv	13868458	258.152397449
201604_BolsaFamiliaFolhaPagamento.csv	13932487	255.107410623
201605_BolsaFamiliaFolhaPagamento.csv	13872465	264.354120542
201606_BolsaFamiliaFolhaPagamento.csv	13849866	272.265950834

Arquivo	Registros	Tempo
201407_BolsaFamiliaFolhaPagamento.csv	14389582	251.186971555
201408_BolsaFamiliaFolhaPagamento.csv	14131123	253.539614505
201409_BolsaFamiliaFolhaPagamento.csv	14143630	261.54518935
201410_BolsaFamiliaFolhaPagamento.csv	14076919	268.706268102
201411_BolsaFamiliaFolhaPagamento.csv	14109947	261.006349506
201412_BolsaFamiliaFolhaPagamento.csv	14054243	272.194644845
201501_BolsaFamiliaFolhaPagamento.csv	14026988	257.22572289
201502_BolsaFamiliaFolhaPagamento.csv	14042558	270.830157205
201503_BolsaFamiliaFolhaPagamento.csv	14004026	276.124873907
201504_BolsaFamiliaFolhaPagamento.csv	13787678	258.443280678
201505_BolsaFamiliaFolhaPagamento.csv	13779988	274.857225744
201506_BolsaFamiliaFolhaPagamento.csv	13753665	271.183019272
201507_BolsaFamiliaFolhaPagamento.csv	13861879	275.000042902
201508_BolsaFamiliaFolhaPagamento.csv	13823829	287.498813147
201509_BolsaFamiliaFolhaPagamento.csv	13912767	287.369112384
201510_BolsaFamiliaFolhaPagamento.csv	14002752	306.489044925
201511_BolsaFamiliaFolhaPagamento.csv	13815096	274.744557437
201512_BolsaFamiliaFolhaPagamento.csv	13980491	257.120770391
201601_BolsaFamiliaFolhaPagamento.csv	14020581	262.972101287
201602_BolsaFamiliaFolhaPagamento.csv	14008965	258.06570912
201603_BolsaFamiliaFolhaPagamento.csv	13868458	255.833292962
201604_BolsaFamiliaFolhaPagamento.csv	13932487	249.125786838
201605_BolsaFamiliaFolhaPagamento.csv	13872465	251.83646417
201606_BolsaFamiliaFolhaPagamento.csv	13849866	246.8080395

Arquivo	Registros	Tempo
201407_BolsaFamiliaFolhaPagamento.csv	14389582	247.963344814
201408_BolsaFamiliaFolhaPagamento.csv	14131123	244.687185757
201409_BolsaFamiliaFolhaPagamento.csv	14143630	255.195831156
201410_BolsaFamiliaFolhaPagamento.csv	14076919	252.374893701
201411_BolsaFamiliaFolhaPagamento.csv	14109947	247.735942025
201412_BolsaFamiliaFolhaPagamento.csv	14054243	254.280734005
201501_BolsaFamiliaFolhaPagamento.csv	14026988	260.547243895
201502_BolsaFamiliaFolhaPagamento.csv	14042558	262.197004189
201503_BolsaFamiliaFolhaPagamento.csv	14004026	264.758853177
201504_BolsaFamiliaFolhaPagamento.csv	13787678	261.718235559
201505_BolsaFamiliaFolhaPagamento.csv	13779988	259.285989468
201506_BolsaFamiliaFolhaPagamento.csv	13753665	263.011099359
201507_BolsaFamiliaFolhaPagamento.csv	13861879	263.539778655
201508_BolsaFamiliaFolhaPagamento.csv	13823829	269.281562745
201509_BolsaFamiliaFolhaPagamento.csv	13912767	280.156513547
201510_BolsaFamiliaFolhaPagamento.csv	14002752	275.028138429
201511_BolsaFamiliaFolhaPagamento.csv	13815096	274.069019492
201512_BolsaFamiliaFolhaPagamento.csv	13980491	277.504012245
201601_BolsaFamiliaFolhaPagamento.csv	14020581	285.462256781
201602_BolsaFamiliaFolhaPagamento.csv	14008965	262.412582605
201603_BolsaFamiliaFolhaPagamento.csv	13868458	274.726409646
201604_BolsaFamiliaFolhaPagamento.csv	13932487	263.025590671
201605_BolsaFamiliaFolhaPagamento.csv	13872465	272.936684756
201606_BolsaFamiliaFolhaPagamento.csv	13849866	274.033690202

Arquivo	Registros	Tempo
201407_BolsaFamiliaFolhaPagamento.csv	14389582	251.050329955
201408_BolsaFamiliaFolhaPagamento.csv	14131123	242.187790539
201409_BolsaFamiliaFolhaPagamento.csv	14143630	247.545381805
201410_BolsaFamiliaFolhaPagamento.csv	14076919	267.351891378
201411_BolsaFamiliaFolhaPagamento.csv	14109947	242.159083556
201412_BolsaFamiliaFolhaPagamento.csv	14054243	251.038977951
201501_BolsaFamiliaFolhaPagamento.csv	14026988	257.622451379
201502_BolsaFamiliaFolhaPagamento.csv	14042558	255.58707542
201503_BolsaFamiliaFolhaPagamento.csv	14004026	254.542461569
201504_BolsaFamiliaFolhaPagamento.csv	13787678	240.027416421
201505_BolsaFamiliaFolhaPagamento.csv	13779988	248.004987236
201506_BolsaFamiliaFolhaPagamento.csv	13753665	250.550707851
201507_BolsaFamiliaFolhaPagamento.csv	13861879	252.29341373
201508_BolsaFamiliaFolhaPagamento.csv	13823829	252.028739198
201509_BolsaFamiliaFolhaPagamento.csv	13912767	258.846669613
201510_BolsaFamiliaFolhaPagamento.csv	14002752	270.940945039
201511_BolsaFamiliaFolhaPagamento.csv	13815096	262.832369919
201512_BolsaFamiliaFolhaPagamento.csv	13980491	278.176340615
201601_BolsaFamiliaFolhaPagamento.csv	14020581	273.942721013
201602_BolsaFamiliaFolhaPagamento.csv	14008965	270.502203306
201603_BolsaFamiliaFolhaPagamento.csv	13868458	249.84411383
201604_BolsaFamiliaFolhaPagamento.csv	13932487	256.325699948
201605_BolsaFamiliaFolhaPagamento.csv	13872465	256.699855844
201606_BolsaFamiliaFolhaPagamento.csv	13849866	250.220607855

Arquivo	Registros	Tempo
201407_BolsaFamiliaFolhaPagamento.csv	14389582	246.792652209
201408_BolsaFamiliaFolhaPagamento.csv	14131123	245.151405829
201409_BolsaFamiliaFolhaPagamento.csv	14143630	253.810998313
201410_BolsaFamiliaFolhaPagamento.csv	14076919	270.0266198
201411_BolsaFamiliaFolhaPagamento.csv	14109947	247.171102386
201412_BolsaFamiliaFolhaPagamento.csv	14054243	259.256650779
201501_BolsaFamiliaFolhaPagamento.csv	14026988	264.401737863
201502_BolsaFamiliaFolhaPagamento.csv	14042558	250.698527575
201503_BolsaFamiliaFolhaPagamento.csv	14004026	261.823991139
201504_BolsaFamiliaFolhaPagamento.csv	13787678	260.514871207
201505_BolsaFamiliaFolhaPagamento.csv	13779988	249.956101423
201506_BolsaFamiliaFolhaPagamento.csv	13753665	245.727189049
201507_BolsaFamiliaFolhaPagamento.csv	13861879	254.022525327
201508_BolsaFamiliaFolhaPagamento.csv	13823829	255.505490757
201509_BolsaFamiliaFolhaPagamento.csv	13912767	264.374745809
201510_BolsaFamiliaFolhaPagamento.csv	14002752	255.770067548
201511_BolsaFamiliaFolhaPagamento.csv	13815096	264.064159875
201512_BolsaFamiliaFolhaPagamento.csv	13980491	259.17346061
201601_BolsaFamiliaFolhaPagamento.csv	14020581	273.804710719
201602_BolsaFamiliaFolhaPagamento.csv	14008965	277.833370678
201603_BolsaFamiliaFolhaPagamento.csv	13868458	276.027019308
201604_BolsaFamiliaFolhaPagamento.csv	13932487	277.270685676
201605_BolsaFamiliaFolhaPagamento.csv	13872465	281.150878037
201606_BolsaFamiliaFolhaPagamento.csv	13849866	264.527829201

Arquivo	Registros	Tempo
201407_BolsaFamiliaFolhaPagamento.csv	14389582	257.984828269
201408_BolsaFamiliaFolhaPagamento.csv	14131123	253.575415797
201409_BolsaFamiliaFolhaPagamento.csv	14143630	248.562423027
201410_BolsaFamiliaFolhaPagamento.csv	14076919	265.505562206
201411_BolsaFamiliaFolhaPagamento.csv	14109947	244.872837434
201412_BolsaFamiliaFolhaPagamento.csv	14054243	271.294266621
201501_BolsaFamiliaFolhaPagamento.csv	14026988	268.950611392
201502_BolsaFamiliaFolhaPagamento.csv	14042558	255.072148155
201503_BolsaFamiliaFolhaPagamento.csv	14004026	276.573282127
201504_BolsaFamiliaFolhaPagamento.csv	13787678	266.555684361
201505_BolsaFamiliaFolhaPagamento.csv	13779988	243.069417642
201506_BolsaFamiliaFolhaPagamento.csv	13753665	247.081090705
201507_BolsaFamiliaFolhaPagamento.csv	13861879	249.651223867
201508_BolsaFamiliaFolhaPagamento.csv	13823829	255.131280254
201509_BolsaFamiliaFolhaPagamento.csv	13912767	255.043522484
201510_BolsaFamiliaFolhaPagamento.csv	14002752	270.977822206
201511_BolsaFamiliaFolhaPagamento.csv	13815096	275.918990397
201512_BolsaFamiliaFolhaPagamento.csv	13980491	262.723917808
201601_BolsaFamiliaFolhaPagamento.csv	14020581	262.509725093
201602_BolsaFamiliaFolhaPagamento.csv	14008965	264.961651425
201603_BolsaFamiliaFolhaPagamento.csv	13868458	274.998503563
201604_BolsaFamiliaFolhaPagamento.csv	13932487	265.94401877
201605_BolsaFamiliaFolhaPagamento.csv	13872465	267.162054948
201606_BolsaFamiliaFolhaPagamento.csv	13849866	281.57106624

Arquivo	Registros	Tempo
201407_BolsaFamiliaFolhaPagamento.csv	14389582	246.909854894
201408_BolsaFamiliaFolhaPagamento.csv	14131123	247.142424073
201409_BolsaFamiliaFolhaPagamento.csv	14143630	251.933166818
201410_BolsaFamiliaFolhaPagamento.csv	14076919	271.783896096
201411_BolsaFamiliaFolhaPagamento.csv	14109947	252.880083998
201412_BolsaFamiliaFolhaPagamento.csv	14054243	266.599631471
201501_BolsaFamiliaFolhaPagamento.csv	14026988	264.987918318
201502_BolsaFamiliaFolhaPagamento.csv	14042558	259.793820708
201503_BolsaFamiliaFolhaPagamento.csv	14004026	266.830435517
201504_BolsaFamiliaFolhaPagamento.csv	13787678	259.156634434
201505_BolsaFamiliaFolhaPagamento.csv	13779988	263.763242292
201506_BolsaFamiliaFolhaPagamento.csv	13753665	273.69174438
201507_BolsaFamiliaFolhaPagamento.csv	13861879	251.779268014
201508_BolsaFamiliaFolhaPagamento.csv	13823829	252.872846033
201509_BolsaFamiliaFolhaPagamento.csv	13912767	262.278439418
201510_BolsaFamiliaFolhaPagamento.csv	14002752	267.49856255
201511_BolsaFamiliaFolhaPagamento.csv	13815096	268.925109425
201512_BolsaFamiliaFolhaPagamento.csv	13980491	275.594855588
201601_BolsaFamiliaFolhaPagamento.csv	14020581	283.165001796
201602_BolsaFamiliaFolhaPagamento.csv	14008965	274.477809693
201603_BolsaFamiliaFolhaPagamento.csv	13868458	269.01394423
201604_BolsaFamiliaFolhaPagamento.csv	13932487	293.687590965
201605_BolsaFamiliaFolhaPagamento.csv	13872465	275.084886893
201606_BolsaFamiliaFolhaPagamento.csv	13849866	268.354461229

Arquivo	Registros	Tempo
201407_BolsaFamiliaFolhaPagamento.csv	14389582	262.190632622
201408_BolsaFamiliaFolhaPagamento.csv	14131123	248.171282989
201409_BolsaFamiliaFolhaPagamento.csv	14143630	250.428465433
201410_BolsaFamiliaFolhaPagamento.csv	14076919	268.38359595
201411_BolsaFamiliaFolhaPagamento.csv	14109947	253.869683009
201412_BolsaFamiliaFolhaPagamento.csv	14054243	265.950015209
201501_BolsaFamiliaFolhaPagamento.csv	14026988	263.948130863
201502_BolsaFamiliaFolhaPagamento.csv	14042558	268.534726983
201503_BolsaFamiliaFolhaPagamento.csv	14004026	270.494919131
201504_BolsaFamiliaFolhaPagamento.csv	13787678	265.125798209
201505_BolsaFamiliaFolhaPagamento.csv	13779988	266.860281356
201506_BolsaFamiliaFolhaPagamento.csv	13753665	277.374168269
201507_BolsaFamiliaFolhaPagamento.csv	13861879	261.598165333
201508_BolsaFamiliaFolhaPagamento.csv	13823829	252.697666135
201509_BolsaFamiliaFolhaPagamento.csv	13912767	270.147478525
201510_BolsaFamiliaFolhaPagamento.csv	14002752	276.549597502
201511_BolsaFamiliaFolhaPagamento.csv	13815096	273.807938508
201512_BolsaFamiliaFolhaPagamento.csv	13980491	275.726793554
201601_BolsaFamiliaFolhaPagamento.csv	14020581	297.00323424
201602_BolsaFamiliaFolhaPagamento.csv	14008965	290.636211011
201603_BolsaFamiliaFolhaPagamento.csv	13868458	254.696585612
201604_BolsaFamiliaFolhaPagamento.csv	13932487	259.415048839
201605_BolsaFamiliaFolhaPagamento.csv	13872465	270.217801378
201606_BolsaFamiliaFolhaPagamento.csv	13849866	276.401010715

