Arquivo	Registros	Tempo
201407_BolsaFamiliaFolhaPagamento.csv	14389582	266.955819824
201408_BolsaFamiliaFolhaPagamento.csv	14131123	267.155655056
201409_BolsaFamiliaFolhaPagamento.csv	14143630	263.605401189
201410_BolsaFamiliaFolhaPagamento.csv	14076919	267.706464557
201411_BolsaFamiliaFolhaPagamento.csv	14109947	272.923727161
201412_BolsaFamiliaFolhaPagamento.csv	14054243	264.695648593
201501_BolsaFamiliaFolhaPagamento.csv	14026988	284.298839419
201502_BolsaFamiliaFolhaPagamento.csv	14042558	270.779352451
201503_BolsaFamiliaFolhaPagamento.csv	14004026	262.573662331
201504_BolsaFamiliaFolhaPagamento.csv	13787678	263.629645355
201505_BolsaFamiliaFolhaPagamento.csv	13779988	265.135425378
201506_BolsaFamiliaFolhaPagamento.csv	13753665	264.092275084

Arquivo	Registros	Tempo
201407_BolsaFamiliaFolhaPagamento.csv	14389582	272.158153515
201408_BolsaFamiliaFolhaPagamento.csv	14131123	275.860123792
201409_BolsaFamiliaFolhaPagamento.csv	14143630	270.410437667
201410_BolsaFamiliaFolhaPagamento.csv	14076919	270.775300748
201411_BolsaFamiliaFolhaPagamento.csv	14109947	270.377825925
201412_BolsaFamiliaFolhaPagamento.csv	14054243	274.904944643
201501_BolsaFamiliaFolhaPagamento.csv	14026988	288.595944822
201502_BolsaFamiliaFolhaPagamento.csv	14042558	275.659313602
201503_BolsaFamiliaFolhaPagamento.csv	14004026	267.344105307
201504_BolsaFamiliaFolhaPagamento.csv	13787678	268.308980151
201505_BolsaFamiliaFolhaPagamento.csv	13779988	271.938004298
201506_BolsaFamiliaFolhaPagamento.csv	13753665	263.140700384

Arquivo	Registros	Tempo
201407_BolsaFamiliaFolhaPagamento.csv	14389582	274.919263735
201408_BolsaFamiliaFolhaPagamento.csv	14131123	276.995868761
201409_BolsaFamiliaFolhaPagamento.csv	14143630	270.155227098
201410_BolsaFamiliaFolhaPagamento.csv	14076919	272.705770665
201411_BolsaFamiliaFolhaPagamento.csv	14109947	274.752162248
201412_BolsaFamiliaFolhaPagamento.csv	14054243	272.649905581
201501_BolsaFamiliaFolhaPagamento.csv	14026988	299.542455559
201502_BolsaFamiliaFolhaPagamento.csv	14042558	280.208136313
201503_BolsaFamiliaFolhaPagamento.csv	14004026	268.974481139
201504_BolsaFamiliaFolhaPagamento.csv	13787678	271.804938198
201505_BolsaFamiliaFolhaPagamento.csv	13779988	264.918768995
201506_BolsaFamiliaFolhaPagamento.csv	13753665	267.296218347

Arquivo	Registros	Tempo
201407_BolsaFamiliaFolhaPagamento.csv	14389582	272.922343037
201408_BolsaFamiliaFolhaPagamento.csv	14131123	270.626782225
201409_BolsaFamiliaFolhaPagamento.csv	14143630	267.901213779
201410_BolsaFamiliaFolhaPagamento.csv	14076919	273.40435539
201411_BolsaFamiliaFolhaPagamento.csv	14109947	274.085316162
201412_BolsaFamiliaFolhaPagamento.csv	14054243	268.230716635
201501_BolsaFamiliaFolhaPagamento.csv	14026988	292.270426174
201502_BolsaFamiliaFolhaPagamento.csv	14042558	279.543586443
201503_BolsaFamiliaFolhaPagamento.csv	14004026	270.55437069
201504_BolsaFamiliaFolhaPagamento.csv	13787678	267.194179792
201505_BolsaFamiliaFolhaPagamento.csv	13779988	267.757237454
201506_BolsaFamiliaFolhaPagamento.csv	13753665	267.897281475

Arquivo	Registros	Tempo
201407_BolsaFamiliaFolhaPagamento.csv	14389582	271.566059929
201408_BolsaFamiliaFolhaPagamento.csv	14131123	281.623000144
201409_BolsaFamiliaFolhaPagamento.csv	14143630	276.211221567
201410_BolsaFamiliaFolhaPagamento.csv	14076919	282.127494598
201411_BolsaFamiliaFolhaPagamento.csv	14109947	276.195073773
201412_BolsaFamiliaFolhaPagamento.csv	14054243	272.464728592
201501_BolsaFamiliaFolhaPagamento.csv	14026988	297.958777076
201502_BolsaFamiliaFolhaPagamento.csv	14042558	284.667496905
201503_BolsaFamiliaFolhaPagamento.csv	14004026	267.518179892
201504_BolsaFamiliaFolhaPagamento.csv	13787678	267.745385779
201505_BolsaFamiliaFolhaPagamento.csv	13779988	260.75958707
201506_BolsaFamiliaFolhaPagamento.csv	13753665	263.373430207

Arquivo	Registros	Tempo
201407_BolsaFamiliaFolhaPagamento.csv	14389582	271.081953845
201408_BolsaFamiliaFolhaPagamento.csv	14131123	270.303072686
201409_BolsaFamiliaFolhaPagamento.csv	14143630	264.40687429
201410_BolsaFamiliaFolhaPagamento.csv	14076919	268.238198895
201411_BolsaFamiliaFolhaPagamento.csv	14109947	266.015182776
201412_BolsaFamiliaFolhaPagamento.csv	14054243	270.157015048
201501_BolsaFamiliaFolhaPagamento.csv	14026988	284.55771567
201502_BolsaFamiliaFolhaPagamento.csv	14042558	272.920434362
201503_BolsaFamiliaFolhaPagamento.csv	14004026	261.282203476
201504_BolsaFamiliaFolhaPagamento.csv	13787678	266.26407821
201505_BolsaFamiliaFolhaPagamento.csv	13779988	265.750357548
201506_BolsaFamiliaFolhaPagamento.csv	13753665	264.388042972

Arquivo	Registros	Tempo
201407_BolsaFamiliaFolhaPagamento.csv	14389582	271.892529841
201408_BolsaFamiliaFolhaPagamento.csv	14131123	273.821481886
201409_BolsaFamiliaFolhaPagamento.csv	14143630	264.229469263
201410_BolsaFamiliaFolhaPagamento.csv	14076919	267.05773011
201411_BolsaFamiliaFolhaPagamento.csv	14109947	272.106637145
201412_BolsaFamiliaFolhaPagamento.csv	14054243	269.512294492
201501_BolsaFamiliaFolhaPagamento.csv	14026988	284.233324596
201502_BolsaFamiliaFolhaPagamento.csv	14042558	274.644802657
201503_BolsaFamiliaFolhaPagamento.csv	14004026	264.04916199
201504_BolsaFamiliaFolhaPagamento.csv	13787678	266.750483124
201505_BolsaFamiliaFolhaPagamento.csv	13779988	267.173300191
201506_BolsaFamiliaFolhaPagamento.csv	13753665	260.791847093

Arquivo	Registros	Tempo
201407_BolsaFamiliaFolhaPagamento.csv	14389582	274.333695144
201408_BolsaFamiliaFolhaPagamento.csv	14131123	268.295624556
201409_BolsaFamiliaFolhaPagamento.csv	14143630	263.802649994
201410_BolsaFamiliaFolhaPagamento.csv	14076919	269.66745493
Arquivo	Registros	Tempo
201407_BolsaFamiliaFolhaPagamento.csv	14389582	292.451503898
201408_BolsaFamiliaFolhaPagamento.csv	14131123	290.351786514
201409_BolsaFamiliaFolhaPagamento.csv	14143630	289.110170887
201410_BolsaFamiliaFolhaPagamento.csv	14076919	288.154366035
201411_BolsaFamiliaFolhaPagamento.csv	14109947	287.128370831
201412_BolsaFamiliaFolhaPagamento.csv	14054243	302.552412404
201501_BolsaFamiliaFolhaPagamento.csv	14026988	287.868912676
201502_BolsaFamiliaFolhaPagamento.csv	14042558	284.622366818
201503_BolsaFamiliaFolhaPagamento.csv	14004026	288.580626636
201504_BolsaFamiliaFolhaPagamento.csv	13787678	284.153218377
201505_BolsaFamiliaFolhaPagamento.csv	13779988	280.976982592
201506_BolsaFamiliaFolhaPagamento.csv	13753665	293.38925361

Arquivo	Registros	Tempo
201407_BolsaFamiliaFolhaPagamento.csv	14389582	291.363475885
201408_BolsaFamiliaFolhaPagamento.csv	14131123	287.784574372
201409_BolsaFamiliaFolhaPagamento.csv	14143630	292.206347124
201410_BolsaFamiliaFolhaPagamento.csv	14076919	289.806930569
201411_BolsaFamiliaFolhaPagamento.csv	14109947	289.878955431
201412_BolsaFamiliaFolhaPagamento.csv	14054243	294.015207506
201501_BolsaFamiliaFolhaPagamento.csv	14026988	291.029294379
201502_BolsaFamiliaFolhaPagamento.csv	14042558	290.06459834
201503_BolsaFamiliaFolhaPagamento.csv	14004026	286.852863046
201504_BolsaFamiliaFolhaPagamento.csv	13787678	285.049491789
201505_BolsaFamiliaFolhaPagamento.csv	13779988	286.075448544
201506_BolsaFamiliaFolhaPagamento.csv	13753665	292.106255893

Arquivo	Registros	Tempo
201407_BolsaFamiliaFolhaPagamento.csv	14389582	293.698019087
201408_BolsaFamiliaFolhaPagamento.csv	14131123	287.783425451
201409_BolsaFamiliaFolhaPagamento.csv	14143630	291.222700385
201410_BolsaFamiliaFolhaPagamento.csv	14076919	289.870116983
201411_BolsaFamiliaFolhaPagamento.csv	14109947	289.973108057
201412_BolsaFamiliaFolhaPagamento.csv	14054243	298.693420649
201501_BolsaFamiliaFolhaPagamento.csv	14026988	293.342933806
201502_BolsaFamiliaFolhaPagamento.csv	14042558	289.637333828
201503_BolsaFamiliaFolhaPagamento.csv	14004026	288.947467739
201504_BolsaFamiliaFolhaPagamento.csv	13787678	283.672094588
201505_BolsaFamiliaFolhaPagamento.csv	13779988	286.342978929
201506_BolsaFamiliaFolhaPagamento.csv	13753665	285.965526556

Arquivo	Registros	Tempo
201407_BolsaFamiliaFolhaPagamento.csv	14389582	289.791795464
201408_BolsaFamiliaFolhaPagamento.csv	14131123	290.266924072
201409_BolsaFamiliaFolhaPagamento.csv	14143630	291.785832373
201410_BolsaFamiliaFolhaPagamento.csv	14076919	285.363517646
201411_BolsaFamiliaFolhaPagamento.csv	14109947	289.740704752
201412_BolsaFamiliaFolhaPagamento.csv	14054243	294.944247327
201501_BolsaFamiliaFolhaPagamento.csv	14026988	293.109384614
201502_BolsaFamiliaFolhaPagamento.csv	14042558	286.003904456
201503_BolsaFamiliaFolhaPagamento.csv	14004026	286.261713212
201504_BolsaFamiliaFolhaPagamento.csv	13787678	285.470403967
201505_BolsaFamiliaFolhaPagamento.csv	13779988	281.537281682
201506_BolsaFamiliaFolhaPagamento.csv	13753665	287.485380052

Arquivo	Registros	Tempo
201407_BolsaFamiliaFolhaPagamento.csv	14389582	294.54421839
201408_BolsaFamiliaFolhaPagamento.csv	14131123	290.953772017
201409_BolsaFamiliaFolhaPagamento.csv	14143630	288.404097619
201410_BolsaFamiliaFolhaPagamento.csv	14076919	290.32802513
201411_BolsaFamiliaFolhaPagamento.csv	14109947	289.167873089
201412_BolsaFamiliaFolhaPagamento.csv	14054243	295.312677028
201501_BolsaFamiliaFolhaPagamento.csv	14026988	288.042129718
201502_BolsaFamiliaFolhaPagamento.csv	14042558	291.132232528
201503_BolsaFamiliaFolhaPagamento.csv	14004026	293.132034062
201504_BolsaFamiliaFolhaPagamento.csv	13787678	285.519365535
201505_BolsaFamiliaFolhaPagamento.csv	13779988	288.538401827
201506_BolsaFamiliaFolhaPagamento.csv	13753665	292.222291045

Arquivo	Registros	Tempo
201407_BolsaFamiliaFolhaPagamento.csv	14389582	292.81470537
201408_BolsaFamiliaFolhaPagamento.csv	14131123	289.867868885
201409_BolsaFamiliaFolhaPagamento.csv	14143630	291.751854236
201410_BolsaFamiliaFolhaPagamento.csv	14076919	289.772625143
201411_BolsaFamiliaFolhaPagamento.csv	14109947	287.216996603
201412_BolsaFamiliaFolhaPagamento.csv	14054243	298.670912826
201501_BolsaFamiliaFolhaPagamento.csv	14026988	289.376322866
201502_BolsaFamiliaFolhaPagamento.csv	14042558	290.749662043
201503_BolsaFamiliaFolhaPagamento.csv	14004026	288.762946834
201504_BolsaFamiliaFolhaPagamento.csv	13787678	282.291660108
201505_BolsaFamiliaFolhaPagamento.csv	13779988	284.754936325
201506_BolsaFamiliaFolhaPagamento.csv	13753665	291.4027725

Arquivo	Registros	Tempo
201407_BolsaFamiliaFolhaPagamento.csv	14389582	295.653207511
201408_BolsaFamiliaFolhaPagamento.csv	14131123	291.152602985
201409_BolsaFamiliaFolhaPagamento.csv	14143630	294.529552461
201410_BolsaFamiliaFolhaPagamento.csv	14076919	285.375395963
201411_BolsaFamiliaFolhaPagamento.csv	14109947	291.965079267
201412_BolsaFamiliaFolhaPagamento.csv	14054243	297.93770126
201501_BolsaFamiliaFolhaPagamento.csv	14026988	293.302997363
201502_BolsaFamiliaFolhaPagamento.csv	14042558	287.320148215
201503_BolsaFamiliaFolhaPagamento.csv	14004026	288.502053129
201504_BolsaFamiliaFolhaPagamento.csv	13787678	282.821392234
201505_BolsaFamiliaFolhaPagamento.csv	13779988	287.339692553
201506_BolsaFamiliaFolhaPagamento.csv	13753665	290.925063775

Arquivo	Registros	Tempo
201407_BolsaFamiliaFolhaPagamento.csv	14389582	296.646757253
201408_BolsaFamiliaFolhaPagamento.csv	14131123	291.672238712
201409_BolsaFamiliaFolhaPagamento.csv	14143630	290.479340945
201410_BolsaFamiliaFolhaPagamento.csv	14076919	289.270423176
201411_BolsaFamiliaFolhaPagamento.csv	14109947	292.212002208
201412_BolsaFamiliaFolhaPagamento.csv	14054243	298.140070166
201501_BolsaFamiliaFolhaPagamento.csv	14026988	291.648544047
201502_BolsaFamiliaFolhaPagamento.csv	14042558	283.459409017
201503_BolsaFamiliaFolhaPagamento.csv	14004026	288.777502113
201504_BolsaFamiliaFolhaPagamento.csv	13787678	286.973749397
201505_BolsaFamiliaFolhaPagamento.csv	13779988	288.41648256
201506_BolsaFamiliaFolhaPagamento.csv	13753665	290.717508475

Arquivo	Registros	Tempo
201407_BolsaFamiliaFolhaPagamento.csv	14389582	291.46941822
201408_BolsaFamiliaFolhaPagamento.csv	14131123	291.198721458
201409_BolsaFamiliaFolhaPagamento.csv	14143630	287.69644507
201410_BolsaFamiliaFolhaPagamento.csv	14076919	289.497124116
201411_BolsaFamiliaFolhaPagamento.csv	14109947	286.101829204
201412_BolsaFamiliaFolhaPagamento.csv	14054243	295.867599067
201501_BolsaFamiliaFolhaPagamento.csv	14026988	289.028616836
201502_BolsaFamiliaFolhaPagamento.csv	14042558	285.300477177
201503_BolsaFamiliaFolhaPagamento.csv	14004026	286.576365336
201504_BolsaFamiliaFolhaPagamento.csv	13787678	281.781846092
201505_BolsaFamiliaFolhaPagamento.csv	13779988	286.401234941
201506_BolsaFamiliaFolhaPagamento.csv	13753665	286.595274167

Arquivo	Registros	Tempo
201407_BolsaFamiliaFolhaPagamento.csv	14389582	290.089716293
201408_BolsaFamiliaFolhaPagamento.csv	14131123	289.322278164
