SELECT sum(valor) FROM dados WHERE uf+AD0-'AC'+ADs-6,075596422+ADs-5,509644627+ADs-5,702121722+ADs-5,699129099+ADs-5,704997966+ADs-5,706451355+ADs-5,718121506+ADs-5,692806886+ADs-5,67765035+ADs-5,692078395+ADs-+ADs-5,7178598328+ADs-5,6991696599
SELECT sum(valor) FROM dados WHERE uf+AD0-'DF'+ADs-6,000842958+ADs-5,826777915+ADs-6,08434187+ADs-6,129585283+ADs-6,076827028+ADs-6,134158852+ADs-6,088580177+ADs-6,064143858+ADs-6,122294348+ADs-6,117884434+ADs-+ADs-6,0645436723+ADs-6,0855624945
SELECT sum(valor) FROM dados WHERE uf+AD0-'MG'+ADs-231,007488658+ADs-228,921754579+ADs-231,890537139+ADs-236,047202773+ADs-233,437471258+ADs-237,612428717+ADs-232,459671947+ADs-231,658485358+ADs-234,847973743+ADs-232,801914071+ADs-+ADs-233,0684928243+ADs-233,0188431184
SELECT sum(valor) FROM dados WHERE uf+AD0-'PB'+ADs-104,89271681+ADs-100,840753003+ADs-104,711292237+ADs-107,684382229+ADs-106,587130384+ADs-102,229494575+ADs-103,037910833+ADs-102,8824177+ADs-100,560095828+ADs-100,041691267+ADs-+ADs-103,3467884866+ADs-103,2177264213
SELECT sum(valor) FROM dados WHERE uf+AD0-'SC'+ADs-26,526647556+ADs-27,83787636+ADs-27,082480618+ADs-28,656171555+ADs-28,813010994+ADs-28,733267786+ADs-28,190020286+ADs-27,468566378+ADs-26,862866272+ADs-27,890372905+ADs-+ADs-27,806128071+ADs-27,84020277
SELECT sum(valor) as valor FROM bolsa+AF8-familia.dados WHERE uf IN ('RJ', 'AM')+ADs-128,140378987+ADs-132,737856159+ADs-132,935999489+ADs-131,946443774+ADs-133,319902721+ADs-132,553893758+ADs-130,890085657+ADs-129,522495895+ADs-128,864102425+ADs-129,516415705+ADs-+ADs-131,042757457+ADs-131,1209116078
SELECT sum(valor) as valor FROM bolsa+AF8-familia.dados WHERE uf+AD0-'SP' AND periodo+AD0-'2016+AC0-05+AC0-01'+ADs-12,33078392+ADs-12,478450045+ADs-12,23126227+ADs-11,363916411+ADs-12,57173278+ADs-11,791533138+ADs-11,7642433+ADs-12,271041755+ADs-12,403773272+ADs-12,160997614+ADs-+ADs-12,1367734505+ADs-12,1790106643
SELECT avg(valor) FROM bolsa+AF8-familia.dados WHERE periodo +AD0- '2016+AC0-01+AC0-01' ALLOW FILTERING+ADs-175,658134461+ADs-176,938487883+ADs-179,373039169+ADs-185,201963288+ADs-181,50087916+ADs-178,266402784+ADs-181,285445676+ADs-182,628324911+ADs-180,555599862+ADs-176,842840475+ADs-+ADs-179,8251117669+ADs-179,67387749
SELECT +ACo- FROM dados WHERE uf +AD0- 'RN' AND periodo +AD0- '2015+AC0-07+AC0-01' AND valor +AD0- 77 AND nis+AF8-favorecido +AD0- 00020420391414+ADs-0,031021776+ADs-0,004184457+ADs-0,003272278+ADs-0,004436961+ADs-0,004485802+ADs-0,002996453+ADs-0,003094873+ADs-0,00251931+ADs-0,002949074+ADs-0,00620076+ADs-+ADs-0,0065161744+ADs-0,0039525823
SELECT +ACo- FROM dados WHERE uf +AD0- 'PE' AND periodo +AD0- '2015+AC0-09+AC0-01' AND valor +AD0- 35 AND nis+AF8-favorecido +AD0- 00023698153404+ADs-0,019455208+ADs-0,00330246+ADs-0,002747705+ADs-0,00353726+ADs-0,003877347+ADs-0,002676601+ADs-0,002535881+ADs-0,002207776+ADs-0,002453604+ADs-0,003738179+ADs-+ADs-0,0046532021+ADs-0,0031086296
SELECT +ACo- FROM dados WHERE uf +AD0- 'CE' AND periodo +AD0- '2015+AC0-10+AC0-01' AND valor +AD0- 112 AND nis+AF8-favorecido +AD0- 00020952340997+ADs-0,010985592+ADs-0,003840182+ADs-0,002925276+ADs-0,003582155+ADs-0,003852443+ADs-0,003117189+ADs-0,002307898+ADs-0,002068622+ADs-0,002427436+ADs-0,003521851+ADs-+ADs-0,0038628644+ADs-0,0031968038
SELECT +ACo- FROM dados WHERE uf +AD0- 'RJ' AND periodo +AD0- '2015+AC0-11+AC0-01' AND valor +AD0- 79 AND nis+AF8-favorecido +AD0- 00010751866684+ADs-0,060393321+ADs-0,00603999+ADs-0,001122749+ADs-0,001942667+ADs-0,002780175+ADs-0,003216754+ADs-0,001118384+ADs-9,42E+AC0-004+ADs-8,79E+AC0-004+ADs-0,002576926+ADs-+ADs-0,0081011876+ADs-0,0024674191
SELECT +ACo- FROM dados WHERE uf +AD0- 'MT' AND periodo +AD0- '2015+AC0-12+AC0-01' AND valor +AD0- 35 AND nis+AF8-favorecido +AD0- 00016547494560+ADs-0,004051549+ADs-0,003077978+ADs-9,79E+AC0-004+ADs-0,001504218+ADs-0,005337684+ADs-0,00271119+ADs-0,00128914+ADs-7,81E+AC0-004+ADs-8,16E+AC0-004+ADs-0,001973769+ADs-+ADs-0,0022521746+ADs-0,0020503741
SELECT +ACo- FROM dados WHERE uf +AD0- 'RS' AND periodo +AD0- '2016+AC0-01+AC0-01' AND valor +AD0- 77 AND nis+AF8-favorecido +AD0- 00016540177012+ADs-0,006089216+ADs-0,003106112+ADs-0,002630178+ADs-0,002955559+ADs-0,003410401+ADs-0,003051341+ADs-0,015875602+ADs-0,001865955+ADs-0,002144046+ADs-0,003266486+ADs-+ADs-0,0044394896+ADs-0,0033316674
SELECT +ACo- FROM dados WHERE uf +AD0- 'BA' AND periodo +AD0- '2016+AC0-02+AC0-01' AND valor +AD0- 155 AND nis+AF8-favorecido +AD0- 00016457367888+ADs-0,047904699+ADs-0,004135172+ADs-0,003946881+ADs-0,003690001+ADs-0,002504172+ADs-0,003246413+ADs-0,004200604+ADs-0,003389867+ADs-0,003429756+ADs-0,004127845+ADs-+ADs-0,008057541+ADs-0,0037708174
SELECT +ACo- FROM dados WHERE uf +AD0- 'SP' AND periodo +AD0- '2016+AC0-03+AC0-01' AND valor +AD0- 147 AND nis+AF8-favorecido +AD0- 00021208322062+ADs-0,00320785+ADs-0,002466955+ADs-0,003881027+ADs-0,002307603+ADs-0,002341859+ADs-0,003042172+ADs-0,002277822+ADs-0,002728521+ADs-0,00182811+ADs-0,002452277+ADs-+ADs-0,0026534196+ADs-0,0026031324
SELECT +ACo- FROM dados WHERE uf +AD0- 'MG' AND periodo +AD0- '2016+AC0-05+AC0-01' AND valor +AD0- 156 AND nis+AF8-favorecido +AD0- 00020407769654+ADs-0,002379779+ADs-0,002533791+ADs-0,002584341+ADs-0,002779884+ADs-0,003020831+ADs-0,002813186+ADs-0,002228635+ADs-0,001455603+ADs-0,002217722+ADs-0,002727069+ADs-+ADs-0,0024740841+ADs-0,0025330509
SELECT +ACo- FROM dados WHERE uf +AD0- 'AL' AND periodo +AD0- '2016+AC0-06+AC0-01' AND valor +AD0- 77 AND nis+AF8-favorecido +AD0- 00017044198056+ADs-7,34E+AC0-004+ADs-8,34E+AC0-004+ADs-0,001004126+ADs-7,25E+AC0-004+ADs-9,20E+AC0-004+ADs-0,00139103+ADs-6,61E+AC0-004+ADs-4,64E+AC0-004+ADs-6,29E+AC0-004+ADs-9,41E+AC0-004+ADs-+ADs-8,30E+AC0-004+ADs-0,0008061146
SELECT count(+ACo-) FROM dados WHERE uf +AD0- 'AC' AND periodo +AD0- '2016+AC0-02+AC0-01' AND valor +ADw- 150+ADs-0,087446739+ADs-0,087132936+ADs-0,102469143+ADs-0,09434332+ADs-0,102991844+ADs-0,129759117+ADs-0,08867357+ADs-0,092504196+ADs-0,085803694+ADs-0,096966782+ADs-+ADs-0,0968091341+ADs-0,0940660663
