Arquivo	Registros	Tempo
201407_BolsaFamiliaFolhaPagamento.csv	14389582	268.020405728
201408_BolsaFamiliaFolhaPagamento.csv	14131123	257.909258018
201409_BolsaFamiliaFolhaPagamento.csv	14143630	263.413920873
201410_BolsaFamiliaFolhaPagamento.csv	14076919	250.445227761
201411_BolsaFamiliaFolhaPagamento.csv	14109947	255.360088624
201412_BolsaFamiliaFolhaPagamento.csv	14054243	252.892122878
201501_BolsaFamiliaFolhaPagamento.csv	14026988	252.408373871
201502_BolsaFamiliaFolhaPagamento.csv	14042558	261.474932362
201503_BolsaFamiliaFolhaPagamento.csv	14004026	252.288148651
201504_BolsaFamiliaFolhaPagamento.csv	13787678	256.408435749
201505_BolsaFamiliaFolhaPagamento.csv	13779988	256.761055051
201506_BolsaFamiliaFolhaPagamento.csv	13753665	253.384046962
201507_BolsaFamiliaFolhaPagamento.csv	13861879	252.972439472
201508_BolsaFamiliaFolhaPagamento.csv	13823829	252.037634536
201509_BolsaFamiliaFolhaPagamento.csv	13912767	260.197003267
201510_BolsaFamiliaFolhaPagamento.csv	14002752	255.251400324
201511_BolsaFamiliaFolhaPagamento.csv	13815096	253.718975213
201512_BolsaFamiliaFolhaPagamento.csv	13980491	252.89096891
201601_BolsaFamiliaFolhaPagamento.csv	14020581	255.009838996
201602_BolsaFamiliaFolhaPagamento.csv	14008965	268.316951396
201603_BolsaFamiliaFolhaPagamento.csv	13868458	249.743069523
201604_BolsaFamiliaFolhaPagamento.csv	13932487	260.362886026
201605_BolsaFamiliaFolhaPagamento.csv	13872465	250.667776181
201606_BolsaFamiliaFolhaPagamento.csv	13849866	253.271738281

