Arquivo	Registros	Tempo
201407_BolsaFamiliaFolhaPagamento.csv	14389582	287.275859174
201408_BolsaFamiliaFolhaPagamento.csv	14131123	275.280602605
201409_BolsaFamiliaFolhaPagamento.csv	14143630	281.870543983
201410_BolsaFamiliaFolhaPagamento.csv	14076919	287.29569519
201411_BolsaFamiliaFolhaPagamento.csv	14109947	273.218223321
201412_BolsaFamiliaFolhaPagamento.csv	14054243	267.237406049
201501_BolsaFamiliaFolhaPagamento.csv	14026988	257.734859891
201502_BolsaFamiliaFolhaPagamento.csv	14042558	266.202759991
201503_BolsaFamiliaFolhaPagamento.csv	14004026	256.424800459
201504_BolsaFamiliaFolhaPagamento.csv	13787678	263.709785096
201505_BolsaFamiliaFolhaPagamento.csv	13779988	258.14000823
201506_BolsaFamiliaFolhaPagamento.csv	13753665	254.543108346
201507_BolsaFamiliaFolhaPagamento.csv	13861879	255.838911776
201508_BolsaFamiliaFolhaPagamento.csv	13823829	256.270761589
201509_BolsaFamiliaFolhaPagamento.csv	13912767	265.056866185
201510_BolsaFamiliaFolhaPagamento.csv	14002752	258.858576493
201511_BolsaFamiliaFolhaPagamento.csv	13815096	261.320791786
201512_BolsaFamiliaFolhaPagamento.csv	13980491	256.609563499
201601_BolsaFamiliaFolhaPagamento.csv	14020581	256.041433733
201602_BolsaFamiliaFolhaPagamento.csv	14008965	275.273315124
201603_BolsaFamiliaFolhaPagamento.csv	13868458	253.835659922
201604_BolsaFamiliaFolhaPagamento.csv	13932487	268.19073726
201605_BolsaFamiliaFolhaPagamento.csv	13872465	258.938241399
201606_BolsaFamiliaFolhaPagamento.csv	13849866	259.906218713

Arquivo	Registros	Tempo
201407_BolsaFamiliaFolhaPagamento.csv	14389582	265.658841198
201408_BolsaFamiliaFolhaPagamento.csv	14131123	263.772892605
201409_BolsaFamiliaFolhaPagamento.csv	14143630	268.046184554
201410_BolsaFamiliaFolhaPagamento.csv	14076919	261.886321069
201411_BolsaFamiliaFolhaPagamento.csv	14109947	265.14384204
201412_BolsaFamiliaFolhaPagamento.csv	14054243	262.272949188
201501_BolsaFamiliaFolhaPagamento.csv	14026988	255.023475865
201502_BolsaFamiliaFolhaPagamento.csv	14042558	262.351208187
201503_BolsaFamiliaFolhaPagamento.csv	14004026	256.156391304
201504_BolsaFamiliaFolhaPagamento.csv	13787678	264.399070545
201505_BolsaFamiliaFolhaPagamento.csv	13779988	264.252443578
201506_BolsaFamiliaFolhaPagamento.csv	13753665	256.460150667
201507_BolsaFamiliaFolhaPagamento.csv	13861879	255.862924739
201508_BolsaFamiliaFolhaPagamento.csv	13823829	253.878110128
201509_BolsaFamiliaFolhaPagamento.csv	13912767	268.724976146
201510_BolsaFamiliaFolhaPagamento.csv	14002752	258.81237987
201511_BolsaFamiliaFolhaPagamento.csv	13815096	255.781369829
201512_BolsaFamiliaFolhaPagamento.csv	13980491	256.195906815
201601_BolsaFamiliaFolhaPagamento.csv	14020581	256.042510124
201602_BolsaFamiliaFolhaPagamento.csv	14008965	278.004698483
201603_BolsaFamiliaFolhaPagamento.csv	13868458	255.849174141
201604_BolsaFamiliaFolhaPagamento.csv	13932487	259.935379036
201605_BolsaFamiliaFolhaPagamento.csv	13872465	249.747878359
201606_BolsaFamiliaFolhaPagamento.csv	13849866	251.653496854

Arquivo	Registros	Tempo
201407_BolsaFamiliaFolhaPagamento.csv	14389582	259.963099073
201408_BolsaFamiliaFolhaPagamento.csv	14131123	258.456402266
201409_BolsaFamiliaFolhaPagamento.csv	14143630	258.562857691
201410_BolsaFamiliaFolhaPagamento.csv	14076919	257.197717701
201411_BolsaFamiliaFolhaPagamento.csv	14109947	259.996400339
201412_BolsaFamiliaFolhaPagamento.csv	14054243	257.343915579
201501_BolsaFamiliaFolhaPagamento.csv	14026988	254.141533364
201502_BolsaFamiliaFolhaPagamento.csv	14042558	261.653757082
201503_BolsaFamiliaFolhaPagamento.csv	14004026	258.511410487
201504_BolsaFamiliaFolhaPagamento.csv	13787678	256.784292743
201505_BolsaFamiliaFolhaPagamento.csv	13779988	255.642993147
201506_BolsaFamiliaFolhaPagamento.csv	13753665	251.926360338
201507_BolsaFamiliaFolhaPagamento.csv	13861879	260.151204007
201508_BolsaFamiliaFolhaPagamento.csv	13823829	256.914711332
201509_BolsaFamiliaFolhaPagamento.csv	13912767	266.590886612
201510_BolsaFamiliaFolhaPagamento.csv	14002752	257.720918266
201511_BolsaFamiliaFolhaPagamento.csv	13815096	257.412764695
201512_BolsaFamiliaFolhaPagamento.csv	13980491	259.574947079
201601_BolsaFamiliaFolhaPagamento.csv	14020581	258.146574784
201602_BolsaFamiliaFolhaPagamento.csv	14008965	276.684610415
201603_BolsaFamiliaFolhaPagamento.csv	13868458	255.939890461
201604_BolsaFamiliaFolhaPagamento.csv	13932487	265.899909104
201605_BolsaFamiliaFolhaPagamento.csv	13872465	256.947369031
201606_BolsaFamiliaFolhaPagamento.csv	13849866	260.034685444

Arquivo	Registros	Tempo
201407_BolsaFamiliaFolhaPagamento.csv	14389582	266.466114951
201408_BolsaFamiliaFolhaPagamento.csv	14131123	262.9049389
201409_BolsaFamiliaFolhaPagamento.csv	14143630	260.306206149
201410_BolsaFamiliaFolhaPagamento.csv	14076919	257.484860581
201411_BolsaFamiliaFolhaPagamento.csv	14109947	263.623819224
201412_BolsaFamiliaFolhaPagamento.csv	14054243	259.621677208
201501_BolsaFamiliaFolhaPagamento.csv	14026988	253.222439588
201502_BolsaFamiliaFolhaPagamento.csv	14042558	263.710369772
201503_BolsaFamiliaFolhaPagamento.csv	14004026	259.044307944
201504_BolsaFamiliaFolhaPagamento.csv	13787678	259.377785737
201505_BolsaFamiliaFolhaPagamento.csv	13779988	256.494361797
201506_BolsaFamiliaFolhaPagamento.csv	13753665	256.392481699
201507_BolsaFamiliaFolhaPagamento.csv	13861879	262.097578817
201508_BolsaFamiliaFolhaPagamento.csv	13823829	253.64133335
201509_BolsaFamiliaFolhaPagamento.csv	13912767	263.754533437
201510_BolsaFamiliaFolhaPagamento.csv	14002752	255.518422079
201511_BolsaFamiliaFolhaPagamento.csv	13815096	254.493467319
201512_BolsaFamiliaFolhaPagamento.csv	13980491	255.519090149
201601_BolsaFamiliaFolhaPagamento.csv	14020581	259.379107856
201602_BolsaFamiliaFolhaPagamento.csv	14008965	269.291789378
201603_BolsaFamiliaFolhaPagamento.csv	13868458	253.246752952
201604_BolsaFamiliaFolhaPagamento.csv	13932487	266.867805599
201605_BolsaFamiliaFolhaPagamento.csv	13872465	257.831617312
201606_BolsaFamiliaFolhaPagamento.csv	13849866	254.962172809

Arquivo	Registros	Tempo
201407_BolsaFamiliaFolhaPagamento.csv	14389582	260.842667404
201408_BolsaFamiliaFolhaPagamento.csv	14131123	262.766376333
201409_BolsaFamiliaFolhaPagamento.csv	14143630	260.33721962
201410_BolsaFamiliaFolhaPagamento.csv	14076919	259.523907505
201411_BolsaFamiliaFolhaPagamento.csv	14109947	259.837743246
201412_BolsaFamiliaFolhaPagamento.csv	14054243	260.217865106
201501_BolsaFamiliaFolhaPagamento.csv	14026988	254.838347845
201502_BolsaFamiliaFolhaPagamento.csv	14042558	270.414341928
201503_BolsaFamiliaFolhaPagamento.csv	14004026	256.172702828
201504_BolsaFamiliaFolhaPagamento.csv	13787678	260.387713983
201505_BolsaFamiliaFolhaPagamento.csv	13779988	259.303506192
201506_BolsaFamiliaFolhaPagamento.csv	13753665	255.961900628
201507_BolsaFamiliaFolhaPagamento.csv	13861879	256.938367047
201508_BolsaFamiliaFolhaPagamento.csv	13823829	255.40382599
201509_BolsaFamiliaFolhaPagamento.csv	13912767	265.117497286
201510_BolsaFamiliaFolhaPagamento.csv	14002752	263.063218345
201511_BolsaFamiliaFolhaPagamento.csv	13815096	255.599045058
201512_BolsaFamiliaFolhaPagamento.csv	13980491	257.63448848
201601_BolsaFamiliaFolhaPagamento.csv	14020581	256.796122571
201602_BolsaFamiliaFolhaPagamento.csv	14008965	270.302656425
201603_BolsaFamiliaFolhaPagamento.csv	13868458	253.281098223
201604_BolsaFamiliaFolhaPagamento.csv	13932487	262.838161657
201605_BolsaFamiliaFolhaPagamento.csv	13872465	251.915622086
201606_BolsaFamiliaFolhaPagamento.csv	13849866	258.458237885

Arquivo	Registros	Tempo
201407_BolsaFamiliaFolhaPagamento.csv	14389582	262.582708189
201408_BolsaFamiliaFolhaPagamento.csv	14131123	263.015484947
201409_BolsaFamiliaFolhaPagamento.csv	14143630	262.242235376
201410_BolsaFamiliaFolhaPagamento.csv	14076919	261.278662303
201411_BolsaFamiliaFolhaPagamento.csv	14109947	263.697490241
201412_BolsaFamiliaFolhaPagamento.csv	14054243	259.355391134
201501_BolsaFamiliaFolhaPagamento.csv	14026988	258.486335617
201502_BolsaFamiliaFolhaPagamento.csv	14042558	269.530484863
201503_BolsaFamiliaFolhaPagamento.csv	14004026	258.534058089
201504_BolsaFamiliaFolhaPagamento.csv	13787678	264.594097167
201505_BolsaFamiliaFolhaPagamento.csv	13779988	260.653630499
201506_BolsaFamiliaFolhaPagamento.csv	13753665	257.097416506
201507_BolsaFamiliaFolhaPagamento.csv	13861879	259.963411935
201508_BolsaFamiliaFolhaPagamento.csv	13823829	254.274024579
201509_BolsaFamiliaFolhaPagamento.csv	13912767	265.48337925
201510_BolsaFamiliaFolhaPagamento.csv	14002752	261.524979858
201511_BolsaFamiliaFolhaPagamento.csv	13815096	257.473714853
201512_BolsaFamiliaFolhaPagamento.csv	13980491	263.889415865
201601_BolsaFamiliaFolhaPagamento.csv	14020581	261.437467
201602_BolsaFamiliaFolhaPagamento.csv	14008965	277.82799702
201603_BolsaFamiliaFolhaPagamento.csv	13868458	254.371500747
201604_BolsaFamiliaFolhaPagamento.csv	13932487	267.843993454
201605_BolsaFamiliaFolhaPagamento.csv	13872465	258.697089251
201606_BolsaFamiliaFolhaPagamento.csv	13849866	265.333891318

Arquivo	Registros	Tempo
201407_BolsaFamiliaFolhaPagamento.csv	14389582	267.571255843
201408_BolsaFamiliaFolhaPagamento.csv	14131123	262.795957037
201409_BolsaFamiliaFolhaPagamento.csv	14143630	267.275582376
201410_BolsaFamiliaFolhaPagamento.csv	14076919	261.430749326
201411_BolsaFamiliaFolhaPagamento.csv	14109947	262.817565714
201412_BolsaFamiliaFolhaPagamento.csv	14054243	258.884484081
201501_BolsaFamiliaFolhaPagamento.csv	14026988	254.405334761
201502_BolsaFamiliaFolhaPagamento.csv	14042558	268.084571143
201503_BolsaFamiliaFolhaPagamento.csv	14004026	256.504429626
201504_BolsaFamiliaFolhaPagamento.csv	13787678	259.584304309
201505_BolsaFamiliaFolhaPagamento.csv	13779988	255.691446422
201506_BolsaFamiliaFolhaPagamento.csv	13753665	254.668584086
201507_BolsaFamiliaFolhaPagamento.csv	13861879	256.0028539
201508_BolsaFamiliaFolhaPagamento.csv	13823829	256.503564217
201509_BolsaFamiliaFolhaPagamento.csv	13912767	259.792942045
201510_BolsaFamiliaFolhaPagamento.csv	14002752	259.313425638
201511_BolsaFamiliaFolhaPagamento.csv	13815096	253.638408476
201512_BolsaFamiliaFolhaPagamento.csv	13980491	256.553526348
201601_BolsaFamiliaFolhaPagamento.csv	14020581	258.669771008
201602_BolsaFamiliaFolhaPagamento.csv	14008965	273.976612843
201603_BolsaFamiliaFolhaPagamento.csv	13868458	254.319415982
201604_BolsaFamiliaFolhaPagamento.csv	13932487	260.489262078
201605_BolsaFamiliaFolhaPagamento.csv	13872465	256.657598052
201606_BolsaFamiliaFolhaPagamento.csv	13849866	256.709353521

Arquivo	Registros	Tempo
201407_BolsaFamiliaFolhaPagamento.csv	14389582	262.402641179
201408_BolsaFamiliaFolhaPagamento.csv	14131123	258.992159755
201409_BolsaFamiliaFolhaPagamento.csv	14143630	261.544414654
201410_BolsaFamiliaFolhaPagamento.csv	14076919	266.091680832
201411_BolsaFamiliaFolhaPagamento.csv	14109947	261.863509773
201412_BolsaFamiliaFolhaPagamento.csv	14054243	259.487198266
201501_BolsaFamiliaFolhaPagamento.csv	14026988	256.12626951
201502_BolsaFamiliaFolhaPagamento.csv	14042558	265.361519994
201503_BolsaFamiliaFolhaPagamento.csv	14004026	255.641948889
201504_BolsaFamiliaFolhaPagamento.csv	13787678	262.788229393
201505_BolsaFamiliaFolhaPagamento.csv	13779988	257.440424806
201506_BolsaFamiliaFolhaPagamento.csv	13753665	255.333248494
201507_BolsaFamiliaFolhaPagamento.csv	13861879	258.999413393
201508_BolsaFamiliaFolhaPagamento.csv	13823829	258.934563294
201509_BolsaFamiliaFolhaPagamento.csv	13912767	263.7637073
201510_BolsaFamiliaFolhaPagamento.csv	14002752	263.90892632
201511_BolsaFamiliaFolhaPagamento.csv	13815096	262.840572795
201512_BolsaFamiliaFolhaPagamento.csv	13980491	257.156166383
201601_BolsaFamiliaFolhaPagamento.csv	14020581	260.584042881
201602_BolsaFamiliaFolhaPagamento.csv	14008965	273.980266168
201603_BolsaFamiliaFolhaPagamento.csv	13868458	262.598694204
201604_BolsaFamiliaFolhaPagamento.csv	13932487	266.990499221
201605_BolsaFamiliaFolhaPagamento.csv	13872465	257.408883995
201606_BolsaFamiliaFolhaPagamento.csv	13849866	261.859922513

Arquivo	Registros	Tempo
201407_BolsaFamiliaFolhaPagamento.csv	14389582	263.010311838
201408_BolsaFamiliaFolhaPagamento.csv	14131123	261.411514177
201409_BolsaFamiliaFolhaPagamento.csv	14143630	267.56926445
201410_BolsaFamiliaFolhaPagamento.csv	14076919	260.754713907
201411_BolsaFamiliaFolhaPagamento.csv	14109947	262.32142859
201412_BolsaFamiliaFolhaPagamento.csv	14054243	259.807480676
201501_BolsaFamiliaFolhaPagamento.csv	14026988	256.931120732
201502_BolsaFamiliaFolhaPagamento.csv	14042558	266.794430256
201503_BolsaFamiliaFolhaPagamento.csv	14004026	259.230478369
201504_BolsaFamiliaFolhaPagamento.csv	13787678	266.477835523
201505_BolsaFamiliaFolhaPagamento.csv	13779988	264.376659957
201506_BolsaFamiliaFolhaPagamento.csv	13753665	256.276353643
201507_BolsaFamiliaFolhaPagamento.csv	13861879	258.28307087
201508_BolsaFamiliaFolhaPagamento.csv	13823829	259.685608845
201509_BolsaFamiliaFolhaPagamento.csv	13912767	269.585658042
201510_BolsaFamiliaFolhaPagamento.csv	14002752	265.377263139
201511_BolsaFamiliaFolhaPagamento.csv	13815096	261.674924428
201512_BolsaFamiliaFolhaPagamento.csv	13980491	261.826754209
201601_BolsaFamiliaFolhaPagamento.csv	14020581	260.49831533
201602_BolsaFamiliaFolhaPagamento.csv	14008965	276.020358406
201603_BolsaFamiliaFolhaPagamento.csv	13868458	257.652176985
201604_BolsaFamiliaFolhaPagamento.csv	13932487	268.453659782
201605_BolsaFamiliaFolhaPagamento.csv	13872465	260.05525593
201606_BolsaFamiliaFolhaPagamento.csv	13849866	260.542465843

