Arquivo	Registros	Tempo
201407_BolsaFamiliaFolhaPagamento.csv	14389582	276.730710451
201408_BolsaFamiliaFolhaPagamento.csv	14131123	288.180522972
201409_BolsaFamiliaFolhaPagamento.csv	14143630	296.298967296
201410_BolsaFamiliaFolhaPagamento.csv	14076919	259.674671785
201411_BolsaFamiliaFolhaPagamento.csv	14109947	266.189674737
201412_BolsaFamiliaFolhaPagamento.csv	14054243	246.865545309
201501_BolsaFamiliaFolhaPagamento.csv	14026988	248.223685998
201502_BolsaFamiliaFolhaPagamento.csv	14042558	244.340366887
201503_BolsaFamiliaFolhaPagamento.csv	14004026	305.182669453
201504_BolsaFamiliaFolhaPagamento.csv	13787678	276.122167356
201505_BolsaFamiliaFolhaPagamento.csv	13779988	244.320382447
201506_BolsaFamiliaFolhaPagamento.csv	13753665	246.816419189
201507_BolsaFamiliaFolhaPagamento.csv	13861879	251.903408042
201508_BolsaFamiliaFolhaPagamento.csv	13823829	243.497950971
201509_BolsaFamiliaFolhaPagamento.csv	13912767	249.09487287
201510_BolsaFamiliaFolhaPagamento.csv	14002752	251.511412455
201511_BolsaFamiliaFolhaPagamento.csv	13815096	250.583368446
201512_BolsaFamiliaFolhaPagamento.csv	13980491	298.722265304
201601_BolsaFamiliaFolhaPagamento.csv	14020581	248.378113058
201602_BolsaFamiliaFolhaPagamento.csv	14008965	250.125404114
201603_BolsaFamiliaFolhaPagamento.csv	13868458	251.174525281
201604_BolsaFamiliaFolhaPagamento.csv	13932487	252.682347556
201605_BolsaFamiliaFolhaPagamento.csv	13872465	249.344839635
201606_BolsaFamiliaFolhaPagamento.csv	13849866	248.929225669

Arquivo	Registros	Tempo
201407_BolsaFamiliaFolhaPagamento.csv	14389582	250.153030493
201408_BolsaFamiliaFolhaPagamento.csv	14131123	245.577288778
201409_BolsaFamiliaFolhaPagamento.csv	14143630	247.589111735
201410_BolsaFamiliaFolhaPagamento.csv	14076919	248.799546948
201411_BolsaFamiliaFolhaPagamento.csv	14109947	250.473745037
201412_BolsaFamiliaFolhaPagamento.csv	14054243	246.406668019
201501_BolsaFamiliaFolhaPagamento.csv	14026988	246.080630599
201502_BolsaFamiliaFolhaPagamento.csv	14042558	246.130373649
201503_BolsaFamiliaFolhaPagamento.csv	14004026	249.204393449
201504_BolsaFamiliaFolhaPagamento.csv	13787678	241.886550694
201505_BolsaFamiliaFolhaPagamento.csv	13779988	295.151428473
201506_BolsaFamiliaFolhaPagamento.csv	13753665	247.724446303
201507_BolsaFamiliaFolhaPagamento.csv	13861879	248.611578132
201508_BolsaFamiliaFolhaPagamento.csv	13823829	242.520577976
201509_BolsaFamiliaFolhaPagamento.csv	13912767	243.630538727
201510_BolsaFamiliaFolhaPagamento.csv	14002752	245.575776637
201511_BolsaFamiliaFolhaPagamento.csv	13815096	244.298681086
201512_BolsaFamiliaFolhaPagamento.csv	13980491	261.631402844
201601_BolsaFamiliaFolhaPagamento.csv	14020581	248.904631094
201602_BolsaFamiliaFolhaPagamento.csv	14008965	248.130831073
201603_BolsaFamiliaFolhaPagamento.csv	13868458	244.789702443
201604_BolsaFamiliaFolhaPagamento.csv	13932487	246.278461527
201605_BolsaFamiliaFolhaPagamento.csv	13872465	243.883711164
201606_BolsaFamiliaFolhaPagamento.csv	13849866	245.724946421

Arquivo	Registros	Tempo
201407_BolsaFamiliaFolhaPagamento.csv	14389582	251.960868806
201408_BolsaFamiliaFolhaPagamento.csv	14131123	247.280024308
201409_BolsaFamiliaFolhaPagamento.csv	14143630	248.80873453
201410_BolsaFamiliaFolhaPagamento.csv	14076919	250.327156365
201411_BolsaFamiliaFolhaPagamento.csv	14109947	251.345851137
201412_BolsaFamiliaFolhaPagamento.csv	14054243	247.957473147
201501_BolsaFamiliaFolhaPagamento.csv	14026988	247.581254408
201502_BolsaFamiliaFolhaPagamento.csv	14042558	246.10129042
201503_BolsaFamiliaFolhaPagamento.csv	14004026	248.811285869
201504_BolsaFamiliaFolhaPagamento.csv	13787678	247.017326525
201505_BolsaFamiliaFolhaPagamento.csv	13779988	242.577939753
201506_BolsaFamiliaFolhaPagamento.csv	13753665	244.028123093
201507_BolsaFamiliaFolhaPagamento.csv	13861879	246.60654935
201508_BolsaFamiliaFolhaPagamento.csv	13823829	244.625736508
201509_BolsaFamiliaFolhaPagamento.csv	13912767	245.489212021
201510_BolsaFamiliaFolhaPagamento.csv	14002752	244.497450247
201511_BolsaFamiliaFolhaPagamento.csv	13815096	240.968160252
201512_BolsaFamiliaFolhaPagamento.csv	13980491	258.95925922
201601_BolsaFamiliaFolhaPagamento.csv	14020581	249.593857447
201602_BolsaFamiliaFolhaPagamento.csv	14008965	246.202882581
201603_BolsaFamiliaFolhaPagamento.csv	13868458	245.82106447
201604_BolsaFamiliaFolhaPagamento.csv	13932487	247.392674955
201605_BolsaFamiliaFolhaPagamento.csv	13872465	246.352880559
201606_BolsaFamiliaFolhaPagamento.csv	13849866	251.953764246

Arquivo	Registros	Tempo
201407_BolsaFamiliaFolhaPagamento.csv	14389582	251.797974115
201408_BolsaFamiliaFolhaPagamento.csv	14131123	247.229904644
201409_BolsaFamiliaFolhaPagamento.csv	14143630	249.797364207
201410_BolsaFamiliaFolhaPagamento.csv	14076919	249.053416137
201411_BolsaFamiliaFolhaPagamento.csv	14109947	253.238080262
201412_BolsaFamiliaFolhaPagamento.csv	14054243	247.481474327
201501_BolsaFamiliaFolhaPagamento.csv	14026988	277.785810685
201502_BolsaFamiliaFolhaPagamento.csv	14042558	246.693763376
201503_BolsaFamiliaFolhaPagamento.csv	14004026	250.316976236
201504_BolsaFamiliaFolhaPagamento.csv	13787678	243.568313277
201505_BolsaFamiliaFolhaPagamento.csv	13779988	241.127711289
201506_BolsaFamiliaFolhaPagamento.csv	13753665	243.057028914
201507_BolsaFamiliaFolhaPagamento.csv	13861879	251.851496607
201508_BolsaFamiliaFolhaPagamento.csv	13823829	243.945089028
201509_BolsaFamiliaFolhaPagamento.csv	13912767	245.806786294
201510_BolsaFamiliaFolhaPagamento.csv	14002752	247.182130103
201511_BolsaFamiliaFolhaPagamento.csv	13815096	242.380510948
201512_BolsaFamiliaFolhaPagamento.csv	13980491	263.267493458
201601_BolsaFamiliaFolhaPagamento.csv	14020581	247.176859845
201602_BolsaFamiliaFolhaPagamento.csv	14008965	247.62905438
201603_BolsaFamiliaFolhaPagamento.csv	13868458	243.188406293
201604_BolsaFamiliaFolhaPagamento.csv	13932487	248.030083751
201605_BolsaFamiliaFolhaPagamento.csv	13872465	243.794695101
201606_BolsaFamiliaFolhaPagamento.csv	13849866	243.529633298

Arquivo	Registros	Tempo
201407_BolsaFamiliaFolhaPagamento.csv	14389582	251.218975865
201408_BolsaFamiliaFolhaPagamento.csv	14131123	248.136184532
201409_BolsaFamiliaFolhaPagamento.csv	14143630	248.905751929
201410_BolsaFamiliaFolhaPagamento.csv	14076919	246.544011792
201411_BolsaFamiliaFolhaPagamento.csv	14109947	252.642737279
201412_BolsaFamiliaFolhaPagamento.csv	14054243	247.596038543
201501_BolsaFamiliaFolhaPagamento.csv	14026988	246.696307999
201502_BolsaFamiliaFolhaPagamento.csv	14042558	247.890594301
201503_BolsaFamiliaFolhaPagamento.csv	14004026	254.249685634
201504_BolsaFamiliaFolhaPagamento.csv	13787678	245.134049938
201505_BolsaFamiliaFolhaPagamento.csv	13779988	242.447340981
201506_BolsaFamiliaFolhaPagamento.csv	13753665	242.716613551
201507_BolsaFamiliaFolhaPagamento.csv	13861879	250.923378428
201508_BolsaFamiliaFolhaPagamento.csv	13823829	244.798568343
201509_BolsaFamiliaFolhaPagamento.csv	13912767	247.206809178
201510_BolsaFamiliaFolhaPagamento.csv	14002752	247.50336696
201511_BolsaFamiliaFolhaPagamento.csv	13815096	243.490282378
201512_BolsaFamiliaFolhaPagamento.csv	13980491	263.818829895
201601_BolsaFamiliaFolhaPagamento.csv	14020581	249.615700987
201602_BolsaFamiliaFolhaPagamento.csv	14008965	249.17642464
201603_BolsaFamiliaFolhaPagamento.csv	13868458	246.507535266
201604_BolsaFamiliaFolhaPagamento.csv	13932487	252.00968435
201605_BolsaFamiliaFolhaPagamento.csv	13872465	244.855261989
201606_BolsaFamiliaFolhaPagamento.csv	13849866	246.893055072

Arquivo	Registros	Tempo
201407_BolsaFamiliaFolhaPagamento.csv	14389582	253.336000657
201408_BolsaFamiliaFolhaPagamento.csv	14131123	249.234872665
201409_BolsaFamiliaFolhaPagamento.csv	14143630	248.51724498
201410_BolsaFamiliaFolhaPagamento.csv	14076919	248.546717976
201411_BolsaFamiliaFolhaPagamento.csv	14109947	253.010757118
201412_BolsaFamiliaFolhaPagamento.csv	14054243	247.645622213
201501_BolsaFamiliaFolhaPagamento.csv	14026988	248.905153711
201502_BolsaFamiliaFolhaPagamento.csv	14042558	247.749192889
201503_BolsaFamiliaFolhaPagamento.csv	14004026	250.406087774
201504_BolsaFamiliaFolhaPagamento.csv	13787678	244.93737525
201505_BolsaFamiliaFolhaPagamento.csv	13779988	242.345778773
201506_BolsaFamiliaFolhaPagamento.csv	13753665	244.166241301
201507_BolsaFamiliaFolhaPagamento.csv	13861879	248.274868404
201508_BolsaFamiliaFolhaPagamento.csv	13823829	244.936632563
201509_BolsaFamiliaFolhaPagamento.csv	13912767	245.794451737
201510_BolsaFamiliaFolhaPagamento.csv	14002752	247.4689288
201511_BolsaFamiliaFolhaPagamento.csv	13815096	244.049493682
201512_BolsaFamiliaFolhaPagamento.csv	13980491	265.554299566
201601_BolsaFamiliaFolhaPagamento.csv	14020581	247.138350863
201602_BolsaFamiliaFolhaPagamento.csv	14008965	246.931289021
201603_BolsaFamiliaFolhaPagamento.csv	13868458	245.236258477
201604_BolsaFamiliaFolhaPagamento.csv	13932487	249.475978846
201605_BolsaFamiliaFolhaPagamento.csv	13872465	245.419771592
201606_BolsaFamiliaFolhaPagamento.csv	13849866	250.920386629

Arquivo	Registros	Tempo
201407_BolsaFamiliaFolhaPagamento.csv	14389582	253.725244013
201408_BolsaFamiliaFolhaPagamento.csv	14131123	250.277221078
201409_BolsaFamiliaFolhaPagamento.csv	14143630	252.358425059
201410_BolsaFamiliaFolhaPagamento.csv	14076919	253.347292326
201411_BolsaFamiliaFolhaPagamento.csv	14109947	256.43815149
201412_BolsaFamiliaFolhaPagamento.csv	14054243	248.143940063
201501_BolsaFamiliaFolhaPagamento.csv	14026988	251.413114952
201502_BolsaFamiliaFolhaPagamento.csv	14042558	251.929103419
201503_BolsaFamiliaFolhaPagamento.csv	14004026	255.242070261
201504_BolsaFamiliaFolhaPagamento.csv	13787678	250.261075014
201505_BolsaFamiliaFolhaPagamento.csv	13779988	245.310200995
201506_BolsaFamiliaFolhaPagamento.csv	13753665	244.658797638
201507_BolsaFamiliaFolhaPagamento.csv	13861879	251.855096064
201508_BolsaFamiliaFolhaPagamento.csv	13823829	245.806781596
201509_BolsaFamiliaFolhaPagamento.csv	13912767	246.419517736
201510_BolsaFamiliaFolhaPagamento.csv	14002752	249.842576344
201511_BolsaFamiliaFolhaPagamento.csv	13815096	245.131595585
201512_BolsaFamiliaFolhaPagamento.csv	13980491	270.513950794
201601_BolsaFamiliaFolhaPagamento.csv	14020581	252.145084786
201602_BolsaFamiliaFolhaPagamento.csv	14008965	249.813089843
201603_BolsaFamiliaFolhaPagamento.csv	13868458	247.333389496
201604_BolsaFamiliaFolhaPagamento.csv	13932487	248.971329331
201605_BolsaFamiliaFolhaPagamento.csv	13872465	244.977784027
201606_BolsaFamiliaFolhaPagamento.csv	13849866	246.480158707

Arquivo	Registros	Tempo
201407_BolsaFamiliaFolhaPagamento.csv	14389582	252.670507011
201408_BolsaFamiliaFolhaPagamento.csv	14131123	248.822850892
201409_BolsaFamiliaFolhaPagamento.csv	14143630	250.899541818
201410_BolsaFamiliaFolhaPagamento.csv	14076919	246.647917989
201411_BolsaFamiliaFolhaPagamento.csv	14109947	250.304984153
201412_BolsaFamiliaFolhaPagamento.csv	14054243	248.120743427
201501_BolsaFamiliaFolhaPagamento.csv	14026988	249.142581347
201502_BolsaFamiliaFolhaPagamento.csv	14042558	246.948463702
201503_BolsaFamiliaFolhaPagamento.csv	14004026	249.492653587
201504_BolsaFamiliaFolhaPagamento.csv	13787678	246.470781061
201505_BolsaFamiliaFolhaPagamento.csv	13779988	243.160518934
201506_BolsaFamiliaFolhaPagamento.csv	13753665	243.086907759
201507_BolsaFamiliaFolhaPagamento.csv	13861879	248.328820729
201508_BolsaFamiliaFolhaPagamento.csv	13823829	245.822775162
201509_BolsaFamiliaFolhaPagamento.csv	13912767	244.95471045
201510_BolsaFamiliaFolhaPagamento.csv	14002752	248.41165069
201511_BolsaFamiliaFolhaPagamento.csv	13815096	244.778285528
201512_BolsaFamiliaFolhaPagamento.csv	13980491	261.307907481
201601_BolsaFamiliaFolhaPagamento.csv	14020581	247.489722528
201602_BolsaFamiliaFolhaPagamento.csv	14008965	248.811278597
201603_BolsaFamiliaFolhaPagamento.csv	13868458	245.268676761
201604_BolsaFamiliaFolhaPagamento.csv	13932487	249.848524252
201605_BolsaFamiliaFolhaPagamento.csv	13872465	244.902532978
201606_BolsaFamiliaFolhaPagamento.csv	13849866	249.040339371

Arquivo	Registros	Tempo
201407_BolsaFamiliaFolhaPagamento.csv	14389582	253.211774649
201408_BolsaFamiliaFolhaPagamento.csv	14131123	249.61376427
201409_BolsaFamiliaFolhaPagamento.csv	14143630	249.925322137
201410_BolsaFamiliaFolhaPagamento.csv	14076919	249.900796607
201411_BolsaFamiliaFolhaPagamento.csv	14109947	250.988290874
201412_BolsaFamiliaFolhaPagamento.csv	14054243	250.148077847
201501_BolsaFamiliaFolhaPagamento.csv	14026988	247.616908855
201502_BolsaFamiliaFolhaPagamento.csv	14042558	247.988132071
201503_BolsaFamiliaFolhaPagamento.csv	14004026	250.979059583
201504_BolsaFamiliaFolhaPagamento.csv	13787678	243.293394085
201505_BolsaFamiliaFolhaPagamento.csv	13779988	243.707765241
201506_BolsaFamiliaFolhaPagamento.csv	13753665	243.49771321
201507_BolsaFamiliaFolhaPagamento.csv	13861879	250.184246173
201508_BolsaFamiliaFolhaPagamento.csv	13823829	246.815405556
201509_BolsaFamiliaFolhaPagamento.csv	13912767	245.718127627
201510_BolsaFamiliaFolhaPagamento.csv	14002752	247.129502781
201511_BolsaFamiliaFolhaPagamento.csv	13815096	244.833204441
201512_BolsaFamiliaFolhaPagamento.csv	13980491	262.109980902
201601_BolsaFamiliaFolhaPagamento.csv	14020581	248.125859169
201602_BolsaFamiliaFolhaPagamento.csv	14008965	248.472524826
201603_BolsaFamiliaFolhaPagamento.csv	13868458	245.60894627
201604_BolsaFamiliaFolhaPagamento.csv	13932487	251.609741943
201605_BolsaFamiliaFolhaPagamento.csv	13872465	245.485104395
201606_BolsaFamiliaFolhaPagamento.csv	13849866	252.074945932

Arquivo	Registros	Tempo
201407_BolsaFamiliaFolhaPagamento.csv	14389582	253.602568309
201408_BolsaFamiliaFolhaPagamento.csv	14131123	248.490760335
201409_BolsaFamiliaFolhaPagamento.csv	14143630	250.294637129
201410_BolsaFamiliaFolhaPagamento.csv	14076919	250.68358337
201411_BolsaFamiliaFolhaPagamento.csv	14109947	251.373607387
201412_BolsaFamiliaFolhaPagamento.csv	14054243	248.302564027
201501_BolsaFamiliaFolhaPagamento.csv	14026988	248.519476369
201502_BolsaFamiliaFolhaPagamento.csv	14042558	248.890294575
201503_BolsaFamiliaFolhaPagamento.csv	14004026	253.971056153
201504_BolsaFamiliaFolhaPagamento.csv	13787678	244.934769901
201505_BolsaFamiliaFolhaPagamento.csv	13779988	242.944358053
201506_BolsaFamiliaFolhaPagamento.csv	13753665	245.625176796
201507_BolsaFamiliaFolhaPagamento.csv	13861879	250.956837167
201508_BolsaFamiliaFolhaPagamento.csv	13823829	246.031591602
201509_BolsaFamiliaFolhaPagamento.csv	13912767	246.949850085
201510_BolsaFamiliaFolhaPagamento.csv	14002752	250.150876589
201511_BolsaFamiliaFolhaPagamento.csv	13815096	242.617926406
201512_BolsaFamiliaFolhaPagamento.csv	13980491	264.715263671
201601_BolsaFamiliaFolhaPagamento.csv	14020581	249.45449576
201602_BolsaFamiliaFolhaPagamento.csv	14008965	249.896090912
201603_BolsaFamiliaFolhaPagamento.csv	13868458	246.22792762
201604_BolsaFamiliaFolhaPagamento.csv	13932487	250.593517814
201605_BolsaFamiliaFolhaPagamento.csv	13872465	245.977870261
201606_BolsaFamiliaFolhaPagamento.csv	13849866	247.667543944

Arquivo	Registros	Tempo
201407_BolsaFamiliaFolhaPagamento.csv	14389582	253.587993441
201408_BolsaFamiliaFolhaPagamento.csv	14131123	250.719764656
201409_BolsaFamiliaFolhaPagamento.csv	14143630	249.933800723
201410_BolsaFamiliaFolhaPagamento.csv	14076919	250.832620191
201411_BolsaFamiliaFolhaPagamento.csv	14109947	252.828955906
201412_BolsaFamiliaFolhaPagamento.csv	14054243	250.805103352
201501_BolsaFamiliaFolhaPagamento.csv	14026988	249.413610771
201502_BolsaFamiliaFolhaPagamento.csv	14042558	248.889259672
201503_BolsaFamiliaFolhaPagamento.csv	14004026	252.272513781
201504_BolsaFamiliaFolhaPagamento.csv	13787678	247.242970561
201505_BolsaFamiliaFolhaPagamento.csv	13779988	243.802056398
201506_BolsaFamiliaFolhaPagamento.csv	13753665	245.212118174
201507_BolsaFamiliaFolhaPagamento.csv	13861879	251.541392713
201508_BolsaFamiliaFolhaPagamento.csv	13823829	247.728521862
201509_BolsaFamiliaFolhaPagamento.csv	13912767	246.900788478
201510_BolsaFamiliaFolhaPagamento.csv	14002752	250.280238855
201511_BolsaFamiliaFolhaPagamento.csv	13815096	248.87272763
201512_BolsaFamiliaFolhaPagamento.csv	13980491	266.213449642
201601_BolsaFamiliaFolhaPagamento.csv	14020581	249.275179195
201602_BolsaFamiliaFolhaPagamento.csv	14008965	248.983064252
201603_BolsaFamiliaFolhaPagamento.csv	13868458	245.721870472
201604_BolsaFamiliaFolhaPagamento.csv	13932487	250.706569429
201605_BolsaFamiliaFolhaPagamento.csv	13872465	245.686625679
201606_BolsaFamiliaFolhaPagamento.csv	13849866	250.227366008

Arquivo	Registros	Tempo
201407_BolsaFamiliaFolhaPagamento.csv	14389582	254.672470175
201408_BolsaFamiliaFolhaPagamento.csv	14131123	250.663927275
201409_BolsaFamiliaFolhaPagamento.csv	14143630	251.148824934
201410_BolsaFamiliaFolhaPagamento.csv	14076919	249.791123194
201411_BolsaFamiliaFolhaPagamento.csv	14109947	258.107063922
201412_BolsaFamiliaFolhaPagamento.csv	14054243	252.302358996
201501_BolsaFamiliaFolhaPagamento.csv	14026988	250.947967415
201502_BolsaFamiliaFolhaPagamento.csv	14042558	249.508072579
201503_BolsaFamiliaFolhaPagamento.csv	14004026	254.548726797
201504_BolsaFamiliaFolhaPagamento.csv	13787678	250.511682145
201505_BolsaFamiliaFolhaPagamento.csv	13779988	248.789348095
201506_BolsaFamiliaFolhaPagamento.csv	13753665	247.661128228
201507_BolsaFamiliaFolhaPagamento.csv	13861879	255.405924981
201508_BolsaFamiliaFolhaPagamento.csv	13823829	248.526845374
201509_BolsaFamiliaFolhaPagamento.csv	13912767	250.116343099
201510_BolsaFamiliaFolhaPagamento.csv	14002752	252.381200407
201511_BolsaFamiliaFolhaPagamento.csv	13815096	246.974673046
201512_BolsaFamiliaFolhaPagamento.csv	13980491	275.780381923
201601_BolsaFamiliaFolhaPagamento.csv	14020581	253.58734276
201602_BolsaFamiliaFolhaPagamento.csv	14008965	251.316273332
201603_BolsaFamiliaFolhaPagamento.csv	13868458	245.348456624
201604_BolsaFamiliaFolhaPagamento.csv	13932487	250.327852854
201605_BolsaFamiliaFolhaPagamento.csv	13872465	248.573461032
201606_BolsaFamiliaFolhaPagamento.csv	13849866	252.687794525

Arquivo	Registros	Tempo
201407_BolsaFamiliaFolhaPagamento.csv	14389582	254.408333805
201408_BolsaFamiliaFolhaPagamento.csv	14131123	249.865029711
201409_BolsaFamiliaFolhaPagamento.csv	14143630	250.675460144
201410_BolsaFamiliaFolhaPagamento.csv	14076919	250.541606856
201411_BolsaFamiliaFolhaPagamento.csv	14109947	253.671870891
201412_BolsaFamiliaFolhaPagamento.csv	14054243	249.35206863
201501_BolsaFamiliaFolhaPagamento.csv	14026988	251.084371758
201502_BolsaFamiliaFolhaPagamento.csv	14042558	248.144455529
201503_BolsaFamiliaFolhaPagamento.csv	14004026	251.429409678
201504_BolsaFamiliaFolhaPagamento.csv	13787678	246.206436242
201505_BolsaFamiliaFolhaPagamento.csv	13779988	242.486168247
201506_BolsaFamiliaFolhaPagamento.csv	13753665	245.486846972
201507_BolsaFamiliaFolhaPagamento.csv	13861879	255.280450183
201508_BolsaFamiliaFolhaPagamento.csv	13823829	248.088893868
201509_BolsaFamiliaFolhaPagamento.csv	13912767	248.205661467
201510_BolsaFamiliaFolhaPagamento.csv	14002752	248.450326404
201511_BolsaFamiliaFolhaPagamento.csv	13815096	247.972789886
201512_BolsaFamiliaFolhaPagamento.csv	13980491	264.649777788
201601_BolsaFamiliaFolhaPagamento.csv	14020581	249.474358405
201602_BolsaFamiliaFolhaPagamento.csv	14008965	250.428891383
201603_BolsaFamiliaFolhaPagamento.csv	13868458	246.259907751
201604_BolsaFamiliaFolhaPagamento.csv	13932487	250.668262471
201605_BolsaFamiliaFolhaPagamento.csv	13872465	246.3342573
201606_BolsaFamiliaFolhaPagamento.csv	13849866	255.715396166

Arquivo	Registros	Tempo
201407_BolsaFamiliaFolhaPagamento.csv	14389582	253.943483262
201408_BolsaFamiliaFolhaPagamento.csv	14131123	251.256251933
201409_BolsaFamiliaFolhaPagamento.csv	14143630	252.087665039
201410_BolsaFamiliaFolhaPagamento.csv	14076919	248.673597857
201411_BolsaFamiliaFolhaPagamento.csv	14109947	252.371464967
201412_BolsaFamiliaFolhaPagamento.csv	14054243	249.035071487
201501_BolsaFamiliaFolhaPagamento.csv	14026988	249.355333013
201502_BolsaFamiliaFolhaPagamento.csv	14042558	249.210891998
201503_BolsaFamiliaFolhaPagamento.csv	14004026	280.549860089
201504_BolsaFamiliaFolhaPagamento.csv	13787678	245.892628185
201505_BolsaFamiliaFolhaPagamento.csv	13779988	243.345219962
201506_BolsaFamiliaFolhaPagamento.csv	13753665	246.947519554
201507_BolsaFamiliaFolhaPagamento.csv	13861879	250.590421822
201508_BolsaFamiliaFolhaPagamento.csv	13823829	245.08061496
201509_BolsaFamiliaFolhaPagamento.csv	13912767	246.761873996
201510_BolsaFamiliaFolhaPagamento.csv	14002752	249.723063865
201511_BolsaFamiliaFolhaPagamento.csv	13815096	246.481651085
201512_BolsaFamiliaFolhaPagamento.csv	13980491	260.493178804
201601_BolsaFamiliaFolhaPagamento.csv	14020581	250.020223185
201602_BolsaFamiliaFolhaPagamento.csv	14008965	250.59670536
201603_BolsaFamiliaFolhaPagamento.csv	13868458	244.934271844
201604_BolsaFamiliaFolhaPagamento.csv	13932487	251.018393828
201605_BolsaFamiliaFolhaPagamento.csv	13872465	246.877780777
201606_BolsaFamiliaFolhaPagamento.csv	13849866	257.931102157

Arquivo	Registros	Tempo
201407_BolsaFamiliaFolhaPagamento.csv	14389582	253.167097398
201408_BolsaFamiliaFolhaPagamento.csv	14131123	249.96938604
201409_BolsaFamiliaFolhaPagamento.csv	14143630	248.108881968
201410_BolsaFamiliaFolhaPagamento.csv	14076919	249.193623279
201411_BolsaFamiliaFolhaPagamento.csv	14109947	252.450211622
201412_BolsaFamiliaFolhaPagamento.csv	14054243	249.138659835
201501_BolsaFamiliaFolhaPagamento.csv	14026988	250.513741201
201502_BolsaFamiliaFolhaPagamento.csv	14042558	249.130181806
201503_BolsaFamiliaFolhaPagamento.csv	14004026	252.313836473
201504_BolsaFamiliaFolhaPagamento.csv	13787678	247.003294666
201505_BolsaFamiliaFolhaPagamento.csv	13779988	245.440512449
201506_BolsaFamiliaFolhaPagamento.csv	13753665	245.087914626
201507_BolsaFamiliaFolhaPagamento.csv	13861879	254.628038992
201508_BolsaFamiliaFolhaPagamento.csv	13823829	247.12330288
201509_BolsaFamiliaFolhaPagamento.csv	13912767	248.322935729
201510_BolsaFamiliaFolhaPagamento.csv	14002752	251.279263719
201511_BolsaFamiliaFolhaPagamento.csv	13815096	245.437344048
201512_BolsaFamiliaFolhaPagamento.csv	13980491	265.189197215
201601_BolsaFamiliaFolhaPagamento.csv	14020581	250.467863377
201602_BolsaFamiliaFolhaPagamento.csv	14008965	251.23449209
201603_BolsaFamiliaFolhaPagamento.csv	13868458	247.205420731
201604_BolsaFamiliaFolhaPagamento.csv	13932487	251.419217491
201605_BolsaFamiliaFolhaPagamento.csv	13872465	248.187262926
201606_BolsaFamiliaFolhaPagamento.csv	13849866	253.333076665

Arquivo	Registros	Tempo
201407_BolsaFamiliaFolhaPagamento.csv	14389582	254.84589156
201408_BolsaFamiliaFolhaPagamento.csv	14131123	250.715035921
201409_BolsaFamiliaFolhaPagamento.csv	14143630	251.387362571
201410_BolsaFamiliaFolhaPagamento.csv	14076919	251.078947796
201411_BolsaFamiliaFolhaPagamento.csv	14109947	254.284794192
201412_BolsaFamiliaFolhaPagamento.csv	14054243	250.283480876
201501_BolsaFamiliaFolhaPagamento.csv	14026988	250.260339438
201502_BolsaFamiliaFolhaPagamento.csv	14042558	250.32395636
201503_BolsaFamiliaFolhaPagamento.csv	14004026	253.181607041
201504_BolsaFamiliaFolhaPagamento.csv	13787678	246.779120371
201505_BolsaFamiliaFolhaPagamento.csv	13779988	244.478137918
201506_BolsaFamiliaFolhaPagamento.csv	13753665	249.444373216
201507_BolsaFamiliaFolhaPagamento.csv	13861879	253.437828352
201508_BolsaFamiliaFolhaPagamento.csv	13823829	249.310925121
201509_BolsaFamiliaFolhaPagamento.csv	13912767	248.347923411
201510_BolsaFamiliaFolhaPagamento.csv	14002752	251.46835596
201511_BolsaFamiliaFolhaPagamento.csv	13815096	251.180486497
201512_BolsaFamiliaFolhaPagamento.csv	13980491	266.078171269
201601_BolsaFamiliaFolhaPagamento.csv	14020581	252.2501139
201602_BolsaFamiliaFolhaPagamento.csv	14008965	250.26436275
201603_BolsaFamiliaFolhaPagamento.csv	13868458	247.544981254
201604_BolsaFamiliaFolhaPagamento.csv	13932487	253.124194511
201605_BolsaFamiliaFolhaPagamento.csv	13872465	246.976250855
201606_BolsaFamiliaFolhaPagamento.csv	13849866	252.757090724

Arquivo	Registros	Tempo
201407_BolsaFamiliaFolhaPagamento.csv	14389582	255.017616109
201408_BolsaFamiliaFolhaPagamento.csv	14131123	251.283540115
201409_BolsaFamiliaFolhaPagamento.csv	14143630	252.598306001
201410_BolsaFamiliaFolhaPagamento.csv	14076919	251.62007667
201411_BolsaFamiliaFolhaPagamento.csv	14109947	256.722047945
201412_BolsaFamiliaFolhaPagamento.csv	14054243	253.291241152
201501_BolsaFamiliaFolhaPagamento.csv	14026988	251.831806264
201502_BolsaFamiliaFolhaPagamento.csv	14042558	251.345386853
201503_BolsaFamiliaFolhaPagamento.csv	14004026	256.120845485
201504_BolsaFamiliaFolhaPagamento.csv	13787678	248.871183524
201505_BolsaFamiliaFolhaPagamento.csv	13779988	246.787743714
201506_BolsaFamiliaFolhaPagamento.csv	13753665	248.376908068
201507_BolsaFamiliaFolhaPagamento.csv	13861879	253.121000877
201508_BolsaFamiliaFolhaPagamento.csv	13823829	246.947994438
201509_BolsaFamiliaFolhaPagamento.csv	13912767	245.60083067
201510_BolsaFamiliaFolhaPagamento.csv	14002752	253.177382781
201511_BolsaFamiliaFolhaPagamento.csv	13815096	244.581028651
201512_BolsaFamiliaFolhaPagamento.csv	13980491	260.875032946
201601_BolsaFamiliaFolhaPagamento.csv	14020581	248.89464733
201602_BolsaFamiliaFolhaPagamento.csv	14008965	249.964287085
201603_BolsaFamiliaFolhaPagamento.csv	13868458	246.021868162
201604_BolsaFamiliaFolhaPagamento.csv	13932487	250.468398815
201605_BolsaFamiliaFolhaPagamento.csv	13872465	245.893819016
201606_BolsaFamiliaFolhaPagamento.csv	13849866	247.064390984

Arquivo	Registros	Tempo
201407_BolsaFamiliaFolhaPagamento.csv	14389582	253.587159231
201408_BolsaFamiliaFolhaPagamento.csv	14131123	249.995674091
201409_BolsaFamiliaFolhaPagamento.csv	14143630	253.043830135
201410_BolsaFamiliaFolhaPagamento.csv	14076919	248.268881719
201411_BolsaFamiliaFolhaPagamento.csv	14109947	253.555793885
201412_BolsaFamiliaFolhaPagamento.csv	14054243	251.177374694
201501_BolsaFamiliaFolhaPagamento.csv	14026988	248.921588083
201502_BolsaFamiliaFolhaPagamento.csv	14042558	251.007355748
201503_BolsaFamiliaFolhaPagamento.csv	14004026	253.557372153
201504_BolsaFamiliaFolhaPagamento.csv	13787678	248.610124319
201505_BolsaFamiliaFolhaPagamento.csv	13779988	245.027828068
201506_BolsaFamiliaFolhaPagamento.csv	13753665	245.107173784
201507_BolsaFamiliaFolhaPagamento.csv	13861879	254.647216482
201508_BolsaFamiliaFolhaPagamento.csv	13823829	250.014136327
201509_BolsaFamiliaFolhaPagamento.csv	13912767	248.898978022
201510_BolsaFamiliaFolhaPagamento.csv	14002752	252.781659959
201511_BolsaFamiliaFolhaPagamento.csv	13815096	246.961495877
201512_BolsaFamiliaFolhaPagamento.csv	13980491	265.88990487
201601_BolsaFamiliaFolhaPagamento.csv	14020581	252.329785055
201602_BolsaFamiliaFolhaPagamento.csv	14008965	251.244812991
201603_BolsaFamiliaFolhaPagamento.csv	13868458	248.667835827
201604_BolsaFamiliaFolhaPagamento.csv	13932487	252.78586846
201605_BolsaFamiliaFolhaPagamento.csv	13872465	249.422568213
201606_BolsaFamiliaFolhaPagamento.csv	13849866	248.352853727

Arquivo	Registros	Tempo
201407_BolsaFamiliaFolhaPagamento.csv	14389582	254.554473223
201408_BolsaFamiliaFolhaPagamento.csv	14131123	250.50444982
201409_BolsaFamiliaFolhaPagamento.csv	14143630	249.523308506
201410_BolsaFamiliaFolhaPagamento.csv	14076919	249.305171915
201411_BolsaFamiliaFolhaPagamento.csv	14109947	253.887151002
201412_BolsaFamiliaFolhaPagamento.csv	14054243	251.308761682
201501_BolsaFamiliaFolhaPagamento.csv	14026988	250.489720073
201502_BolsaFamiliaFolhaPagamento.csv	14042558	250.325853352
201503_BolsaFamiliaFolhaPagamento.csv	14004026	254.787640171
201504_BolsaFamiliaFolhaPagamento.csv	13787678	245.615896371
201505_BolsaFamiliaFolhaPagamento.csv	13779988	246.147101579
201506_BolsaFamiliaFolhaPagamento.csv	13753665	246.139447226
201507_BolsaFamiliaFolhaPagamento.csv	13861879	254.268516738
201508_BolsaFamiliaFolhaPagamento.csv	13823829	249.2793537
201509_BolsaFamiliaFolhaPagamento.csv	13912767	247.734913013
201510_BolsaFamiliaFolhaPagamento.csv	14002752	250.551143814
201511_BolsaFamiliaFolhaPagamento.csv	13815096	245.022228008
201512_BolsaFamiliaFolhaPagamento.csv	13980491	270.32778348
201601_BolsaFamiliaFolhaPagamento.csv	14020581	250.964722762
201602_BolsaFamiliaFolhaPagamento.csv	14008965	250.465419011
201603_BolsaFamiliaFolhaPagamento.csv	13868458	247.098442422
201604_BolsaFamiliaFolhaPagamento.csv	13932487	253.111340836
201605_BolsaFamiliaFolhaPagamento.csv	13872465	247.733615126
201606_BolsaFamiliaFolhaPagamento.csv	13849866	253.180929979

Arquivo	Registros	Tempo
201407_BolsaFamiliaFolhaPagamento.csv	14389582	254.696914033
201408_BolsaFamiliaFolhaPagamento.csv	14131123	250.449652909
201409_BolsaFamiliaFolhaPagamento.csv	14143630	253.432009655
201410_BolsaFamiliaFolhaPagamento.csv	14076919	250.62989333
201411_BolsaFamiliaFolhaPagamento.csv	14109947	256.697813337
201412_BolsaFamiliaFolhaPagamento.csv	14054243	253.125619364
201501_BolsaFamiliaFolhaPagamento.csv	14026988	251.864655598
201502_BolsaFamiliaFolhaPagamento.csv	14042558	251.239609585
201503_BolsaFamiliaFolhaPagamento.csv	14004026	256.635553501
201504_BolsaFamiliaFolhaPagamento.csv	13787678	248.151268081
201505_BolsaFamiliaFolhaPagamento.csv	13779988	247.389102311
201506_BolsaFamiliaFolhaPagamento.csv	13753665	247.406102797
201507_BolsaFamiliaFolhaPagamento.csv	13861879	254.927973001
201508_BolsaFamiliaFolhaPagamento.csv	13823829	249.743369861
201509_BolsaFamiliaFolhaPagamento.csv	13912767	250.054529158
201510_BolsaFamiliaFolhaPagamento.csv	14002752	253.080817976
201511_BolsaFamiliaFolhaPagamento.csv	13815096	248.034261195
201512_BolsaFamiliaFolhaPagamento.csv	13980491	260.921219077
201601_BolsaFamiliaFolhaPagamento.csv	14020581	250.350459296
201602_BolsaFamiliaFolhaPagamento.csv	14008965	251.395479016
201603_BolsaFamiliaFolhaPagamento.csv	13868458	247.752150844
201604_BolsaFamiliaFolhaPagamento.csv	13932487	251.085426709
201605_BolsaFamiliaFolhaPagamento.csv	13872465	246.036177022
201606_BolsaFamiliaFolhaPagamento.csv	13849866	249.798434995

Arquivo	Registros	Tempo
201407_BolsaFamiliaFolhaPagamento.csv	14389582	253.764451606
201408_BolsaFamiliaFolhaPagamento.csv	14131123	248.346641925
201409_BolsaFamiliaFolhaPagamento.csv	14143630	250.66247087
201410_BolsaFamiliaFolhaPagamento.csv	14076919	249.387748688
201411_BolsaFamiliaFolhaPagamento.csv	14109947	253.807873274
201412_BolsaFamiliaFolhaPagamento.csv	14054243	250.098589881
201501_BolsaFamiliaFolhaPagamento.csv	14026988	249.024268633
201502_BolsaFamiliaFolhaPagamento.csv	14042558	249.661776769
201503_BolsaFamiliaFolhaPagamento.csv	14004026	251.482328837
201504_BolsaFamiliaFolhaPagamento.csv	13787678	248.14287356
201505_BolsaFamiliaFolhaPagamento.csv	13779988	245.665721033
201506_BolsaFamiliaFolhaPagamento.csv	13753665	245.041404423
201507_BolsaFamiliaFolhaPagamento.csv	13861879	252.54870554
201508_BolsaFamiliaFolhaPagamento.csv	13823829	246.293328265
201509_BolsaFamiliaFolhaPagamento.csv	13912767	246.459158186
201510_BolsaFamiliaFolhaPagamento.csv	14002752	251.696943284
201511_BolsaFamiliaFolhaPagamento.csv	13815096	246.315836638
201512_BolsaFamiliaFolhaPagamento.csv	13980491	262.256279451
201601_BolsaFamiliaFolhaPagamento.csv	14020581	252.587293918
201602_BolsaFamiliaFolhaPagamento.csv	14008965	248.984408101
201603_BolsaFamiliaFolhaPagamento.csv	13868458	247.100615566
201604_BolsaFamiliaFolhaPagamento.csv	13932487	251.463246851
201605_BolsaFamiliaFolhaPagamento.csv	13872465	247.75619963
201606_BolsaFamiliaFolhaPagamento.csv	13849866	250.86964683

Arquivo	Registros	Tempo
201407_BolsaFamiliaFolhaPagamento.csv	14389582	255.215914483
201408_BolsaFamiliaFolhaPagamento.csv	14131123	249.777740749
201409_BolsaFamiliaFolhaPagamento.csv	14143630	251.61561461
201410_BolsaFamiliaFolhaPagamento.csv	14076919	252.805773595
201411_BolsaFamiliaFolhaPagamento.csv	14109947	254.916539837
201412_BolsaFamiliaFolhaPagamento.csv	14054243	250.847717171
201501_BolsaFamiliaFolhaPagamento.csv	14026988	250.01873025
