Arquivo	Registros	Tempo
201407_BolsaFamiliaFolhaPagamento.csv	14389582	302.279133043
201408_BolsaFamiliaFolhaPagamento.csv	14131123	297.310135124
201409_BolsaFamiliaFolhaPagamento.csv	14143630	296.216456912
201410_BolsaFamiliaFolhaPagamento.csv	14076919	291.871188454
201411_BolsaFamiliaFolhaPagamento.csv	14109947	295.387605077
201412_BolsaFamiliaFolhaPagamento.csv	14054243	304.725163594
201501_BolsaFamiliaFolhaPagamento.csv	14026988	301.855365056
201502_BolsaFamiliaFolhaPagamento.csv	14042558	293.018463285
201503_BolsaFamiliaFolhaPagamento.csv	14004026	295.516621539
201504_BolsaFamiliaFolhaPagamento.csv	13787678	288.065332914
201505_BolsaFamiliaFolhaPagamento.csv	13779988	297.745187733
201506_BolsaFamiliaFolhaPagamento.csv	13753665	300.636066656
201507_BolsaFamiliaFolhaPagamento.csv	13861879	285.764808483
201508_BolsaFamiliaFolhaPagamento.csv	13823829	283.484198647
201509_BolsaFamiliaFolhaPagamento.csv	13912767	291.222437699
201510_BolsaFamiliaFolhaPagamento.csv	14002752	289.636564625
201511_BolsaFamiliaFolhaPagamento.csv	13815096	301.152521414
201512_BolsaFamiliaFolhaPagamento.csv	13980491	293.282679823
201601_BolsaFamiliaFolhaPagamento.csv	14020581	294.001684949
201602_BolsaFamiliaFolhaPagamento.csv	14008965	291.810620331
201603_BolsaFamiliaFolhaPagamento.csv	13868458	287.440534339
201604_BolsaFamiliaFolhaPagamento.csv	13932487	291.832459364
201605_BolsaFamiliaFolhaPagamento.csv	13872465	297.397565445
201606_BolsaFamiliaFolhaPagamento.csv	13849866	301.473972825

Arquivo	Registros	Tempo
201407_BolsaFamiliaFolhaPagamento.csv	14389582	289.221151004
201408_BolsaFamiliaFolhaPagamento.csv	14131123	288.769243264
201409_BolsaFamiliaFolhaPagamento.csv	14143630	284.441236744
201410_BolsaFamiliaFolhaPagamento.csv	14076919	282.87753439
201411_BolsaFamiliaFolhaPagamento.csv	14109947	291.385650603
201412_BolsaFamiliaFolhaPagamento.csv	14054243	295.881271277
201501_BolsaFamiliaFolhaPagamento.csv	14026988	290.806527165
201502_BolsaFamiliaFolhaPagamento.csv	14042558	286.851757009
201503_BolsaFamiliaFolhaPagamento.csv	14004026	288.977430018
201504_BolsaFamiliaFolhaPagamento.csv	13787678	280.815427104
201505_BolsaFamiliaFolhaPagamento.csv	13779988	283.832751193
201506_BolsaFamiliaFolhaPagamento.csv	13753665	295.967943524
201507_BolsaFamiliaFolhaPagamento.csv	13861879	284.784673421
201508_BolsaFamiliaFolhaPagamento.csv	13823829	283.590845425
201509_BolsaFamiliaFolhaPagamento.csv	13912767	287.158622635
201510_BolsaFamiliaFolhaPagamento.csv	14002752	296.209016971
201511_BolsaFamiliaFolhaPagamento.csv	13815096	304.754298737
201512_BolsaFamiliaFolhaPagamento.csv	13980491	299.159462667
201601_BolsaFamiliaFolhaPagamento.csv	14020581	296.067693161
201602_BolsaFamiliaFolhaPagamento.csv	14008965	291.227087745
201603_BolsaFamiliaFolhaPagamento.csv	13868458	288.477195282
201604_BolsaFamiliaFolhaPagamento.csv	13932487	293.696880692
201605_BolsaFamiliaFolhaPagamento.csv	13872465	302.132579758
201606_BolsaFamiliaFolhaPagamento.csv	13849866	300.856974936

Arquivo	Registros	Tempo
201407_BolsaFamiliaFolhaPagamento.csv	14389582	291.261356456
201408_BolsaFamiliaFolhaPagamento.csv	14131123	290.618733806
201409_BolsaFamiliaFolhaPagamento.csv	14143630	288.572167038
201410_BolsaFamiliaFolhaPagamento.csv	14076919	284.041114297
201411_BolsaFamiliaFolhaPagamento.csv	14109947	295.562431324
201412_BolsaFamiliaFolhaPagamento.csv	14054243	299.038753398
201501_BolsaFamiliaFolhaPagamento.csv	14026988	292.216645776
201502_BolsaFamiliaFolhaPagamento.csv	14042558	288.578420854
201503_BolsaFamiliaFolhaPagamento.csv	14004026	287.357839645
201504_BolsaFamiliaFolhaPagamento.csv	13787678	282.468888911
201505_BolsaFamiliaFolhaPagamento.csv	13779988	282.426861215
201506_BolsaFamiliaFolhaPagamento.csv	13753665	295.404543947
201507_BolsaFamiliaFolhaPagamento.csv	13861879	283.097696505
201508_BolsaFamiliaFolhaPagamento.csv	13823829	287.013103846
201509_BolsaFamiliaFolhaPagamento.csv	13912767	288.792640172
201510_BolsaFamiliaFolhaPagamento.csv	14002752	288.410207287
201511_BolsaFamiliaFolhaPagamento.csv	13815096	300.579692496
201512_BolsaFamiliaFolhaPagamento.csv	13980491	289.683942633
201601_BolsaFamiliaFolhaPagamento.csv	14020581	289.164835459
201602_BolsaFamiliaFolhaPagamento.csv	14008965	286.848487039
201603_BolsaFamiliaFolhaPagamento.csv	13868458	286.988124348
201604_BolsaFamiliaFolhaPagamento.csv	13932487	293.434018272
201605_BolsaFamiliaFolhaPagamento.csv	13872465	298.983960611
201606_BolsaFamiliaFolhaPagamento.csv	13849866	300.24379039

Arquivo	Registros	Tempo
201407_BolsaFamiliaFolhaPagamento.csv	14389582	285.926789239
201408_BolsaFamiliaFolhaPagamento.csv	14131123	289.39498083
201409_BolsaFamiliaFolhaPagamento.csv	14143630	288.455961357
201410_BolsaFamiliaFolhaPagamento.csv	14076919	286.930215889
201411_BolsaFamiliaFolhaPagamento.csv	14109947	291.864180339
201412_BolsaFamiliaFolhaPagamento.csv	14054243	297.491554118
201501_BolsaFamiliaFolhaPagamento.csv	14026988	291.334962188
201502_BolsaFamiliaFolhaPagamento.csv	14042558	287.317724657
201503_BolsaFamiliaFolhaPagamento.csv	14004026	285.078684416
201504_BolsaFamiliaFolhaPagamento.csv	13787678	287.742212323
201505_BolsaFamiliaFolhaPagamento.csv	13779988	285.337747729
201506_BolsaFamiliaFolhaPagamento.csv	13753665	295.015240473
201507_BolsaFamiliaFolhaPagamento.csv	13861879	284.473375662
201508_BolsaFamiliaFolhaPagamento.csv	13823829	283.334151258
201509_BolsaFamiliaFolhaPagamento.csv	13912767	284.771841789
201510_BolsaFamiliaFolhaPagamento.csv	14002752	285.281002238
201511_BolsaFamiliaFolhaPagamento.csv	13815096	302.654611756
201512_BolsaFamiliaFolhaPagamento.csv	13980491	296.923574875
201601_BolsaFamiliaFolhaPagamento.csv	14020581	291.182681402
201602_BolsaFamiliaFolhaPagamento.csv	14008965	287.830508169
201603_BolsaFamiliaFolhaPagamento.csv	13868458	289.12606793
201604_BolsaFamiliaFolhaPagamento.csv	13932487	293.324465505
201605_BolsaFamiliaFolhaPagamento.csv	13872465	300.997074021
201606_BolsaFamiliaFolhaPagamento.csv	13849866	301.407448568

Arquivo	Registros	Tempo
201407_BolsaFamiliaFolhaPagamento.csv	14389582	289.9885102
201408_BolsaFamiliaFolhaPagamento.csv	14131123	291.356719648
201409_BolsaFamiliaFolhaPagamento.csv	14143630	289.941599682
201410_BolsaFamiliaFolhaPagamento.csv	14076919	288.369808083
201411_BolsaFamiliaFolhaPagamento.csv	14109947	295.434983589
201412_BolsaFamiliaFolhaPagamento.csv	14054243	297.805631495
201501_BolsaFamiliaFolhaPagamento.csv	14026988	294.585133976
201502_BolsaFamiliaFolhaPagamento.csv	14042558	290.379755299
201503_BolsaFamiliaFolhaPagamento.csv	14004026	292.116541013
201504_BolsaFamiliaFolhaPagamento.csv	13787678	285.945368008
201505_BolsaFamiliaFolhaPagamento.csv	13779988	286.036884524
201506_BolsaFamiliaFolhaPagamento.csv	13753665	298.941804915
201507_BolsaFamiliaFolhaPagamento.csv	13861879	284.059461478
201508_BolsaFamiliaFolhaPagamento.csv	13823829	287.343713973
201509_BolsaFamiliaFolhaPagamento.csv	13912767	288.311204934
201510_BolsaFamiliaFolhaPagamento.csv	14002752	289.760003496
201511_BolsaFamiliaFolhaPagamento.csv	13815096	309.724130873
201512_BolsaFamiliaFolhaPagamento.csv	13980491	297.880571318
201601_BolsaFamiliaFolhaPagamento.csv	14020581	294.09096188
201602_BolsaFamiliaFolhaPagamento.csv	14008965	288.544633233
201603_BolsaFamiliaFolhaPagamento.csv	13868458	290.416921927
201604_BolsaFamiliaFolhaPagamento.csv	13932487	294.268459774
201605_BolsaFamiliaFolhaPagamento.csv	13872465	305.13591012
201606_BolsaFamiliaFolhaPagamento.csv	13849866	307.380414898

Arquivo	Registros	Tempo
201407_BolsaFamiliaFolhaPagamento.csv	14389582	290.387563812
201408_BolsaFamiliaFolhaPagamento.csv	14131123	293.764339906
201409_BolsaFamiliaFolhaPagamento.csv	14143630	292.165249092
201410_BolsaFamiliaFolhaPagamento.csv	14076919	285.360968018
201411_BolsaFamiliaFolhaPagamento.csv	14109947	294.350485263
201412_BolsaFamiliaFolhaPagamento.csv	14054243	303.274409865
201501_BolsaFamiliaFolhaPagamento.csv	14026988	297.034960283
201502_BolsaFamiliaFolhaPagamento.csv	14042558	290.66346578
201503_BolsaFamiliaFolhaPagamento.csv	14004026	292.563343281
201504_BolsaFamiliaFolhaPagamento.csv	13787678	286.017259509
201505_BolsaFamiliaFolhaPagamento.csv	13779988	288.022363743
201506_BolsaFamiliaFolhaPagamento.csv	13753665	298.954590143
201507_BolsaFamiliaFolhaPagamento.csv	13861879	287.045488796
201508_BolsaFamiliaFolhaPagamento.csv	13823829	287.193189382
201509_BolsaFamiliaFolhaPagamento.csv	13912767	292.547805677
201510_BolsaFamiliaFolhaPagamento.csv	14002752	290.074115236
201511_BolsaFamiliaFolhaPagamento.csv	13815096	310.309367914
201512_BolsaFamiliaFolhaPagamento.csv	13980491	295.535824963
201601_BolsaFamiliaFolhaPagamento.csv	14020581	299.909197397
201602_BolsaFamiliaFolhaPagamento.csv	14008965	292.879656226
201603_BolsaFamiliaFolhaPagamento.csv	13868458	293.382489049
201604_BolsaFamiliaFolhaPagamento.csv	13932487	300.593814182
201605_BolsaFamiliaFolhaPagamento.csv	13872465	312.646596271
201606_BolsaFamiliaFolhaPagamento.csv	13849866	312.390496541

Arquivo	Registros	Tempo
201407_BolsaFamiliaFolhaPagamento.csv	14389582	294.054691363
201408_BolsaFamiliaFolhaPagamento.csv	14131123	297.400679759
201409_BolsaFamiliaFolhaPagamento.csv	14143630	295.79336558
201410_BolsaFamiliaFolhaPagamento.csv	14076919	290.800549529
201411_BolsaFamiliaFolhaPagamento.csv	14109947	302.882689728
201412_BolsaFamiliaFolhaPagamento.csv	14054243	310.887743488
201501_BolsaFamiliaFolhaPagamento.csv	14026988	304.425128201
201502_BolsaFamiliaFolhaPagamento.csv	14042558	294.26610963
201503_BolsaFamiliaFolhaPagamento.csv	14004026	294.338139201
201504_BolsaFamiliaFolhaPagamento.csv	13787678	290.396035348
201505_BolsaFamiliaFolhaPagamento.csv	13779988	293.083969528
201506_BolsaFamiliaFolhaPagamento.csv	13753665	304.402893924
201507_BolsaFamiliaFolhaPagamento.csv	13861879	281.510105013
201508_BolsaFamiliaFolhaPagamento.csv	13823829	280.692076478
201509_BolsaFamiliaFolhaPagamento.csv	13912767	286.885410591
201510_BolsaFamiliaFolhaPagamento.csv	14002752	287.161541961
201511_BolsaFamiliaFolhaPagamento.csv	13815096	311.91661521
201512_BolsaFamiliaFolhaPagamento.csv	13980491	291.815321502
201601_BolsaFamiliaFolhaPagamento.csv	14020581	290.01042767
201602_BolsaFamiliaFolhaPagamento.csv	14008965	289.473292952
201603_BolsaFamiliaFolhaPagamento.csv	13868458	288.579141194
201604_BolsaFamiliaFolhaPagamento.csv	13932487	294.178853046
201605_BolsaFamiliaFolhaPagamento.csv	13872465	298.445487791
201606_BolsaFamiliaFolhaPagamento.csv	13849866	301.886039499

Arquivo	Registros	Tempo
201407_BolsaFamiliaFolhaPagamento.csv	14389582	289.455081792
201408_BolsaFamiliaFolhaPagamento.csv	14131123	291.340050658
201409_BolsaFamiliaFolhaPagamento.csv	14143630	288.630253715
201410_BolsaFamiliaFolhaPagamento.csv	14076919	286.16219288
201411_BolsaFamiliaFolhaPagamento.csv	14109947	294.016696349
201412_BolsaFamiliaFolhaPagamento.csv	14054243	297.970194447
201501_BolsaFamiliaFolhaPagamento.csv	14026988	292.706335581
201502_BolsaFamiliaFolhaPagamento.csv	14042558	293.37992006
201503_BolsaFamiliaFolhaPagamento.csv	14004026	287.652361312
201504_BolsaFamiliaFolhaPagamento.csv	13787678	283.071102248
201505_BolsaFamiliaFolhaPagamento.csv	13779988	285.526926165
201506_BolsaFamiliaFolhaPagamento.csv	13753665	297.668528816
201507_BolsaFamiliaFolhaPagamento.csv	13861879	285.098927967
201508_BolsaFamiliaFolhaPagamento.csv	13823829	282.704298458
201509_BolsaFamiliaFolhaPagamento.csv	13912767	285.929309945
201510_BolsaFamiliaFolhaPagamento.csv	14002752	284.706090229
201511_BolsaFamiliaFolhaPagamento.csv	13815096	299.170741213
201512_BolsaFamiliaFolhaPagamento.csv	13980491	291.619116373
201601_BolsaFamiliaFolhaPagamento.csv	14020581	292.843697601
201602_BolsaFamiliaFolhaPagamento.csv	14008965	289.818123478
201603_BolsaFamiliaFolhaPagamento.csv	13868458	289.956681955
201604_BolsaFamiliaFolhaPagamento.csv	13932487	293.649772871
201605_BolsaFamiliaFolhaPagamento.csv	13872465	304.328148591
201606_BolsaFamiliaFolhaPagamento.csv	13849866	301.192675212

Arquivo	Registros	Tempo
201407_BolsaFamiliaFolhaPagamento.csv	14389582	289.877641787
201408_BolsaFamiliaFolhaPagamento.csv	14131123	290.79682191
201409_BolsaFamiliaFolhaPagamento.csv	14143630	290.195334541
201410_BolsaFamiliaFolhaPagamento.csv	14076919	285.000349829
201411_BolsaFamiliaFolhaPagamento.csv	14109947	292.859666933
201412_BolsaFamiliaFolhaPagamento.csv	14054243	301.678764465
201501_BolsaFamiliaFolhaPagamento.csv	14026988	294.412221822
201502_BolsaFamiliaFolhaPagamento.csv	14042558	289.310764802
201503_BolsaFamiliaFolhaPagamento.csv	14004026	288.558231969
201504_BolsaFamiliaFolhaPagamento.csv	13787678	284.09380785
201505_BolsaFamiliaFolhaPagamento.csv	13779988	287.794351496
201506_BolsaFamiliaFolhaPagamento.csv	13753665	298.583812035
201507_BolsaFamiliaFolhaPagamento.csv	13861879	282.84408332
201508_BolsaFamiliaFolhaPagamento.csv	13823829	285.256191511
201509_BolsaFamiliaFolhaPagamento.csv	13912767	291.44903313
201510_BolsaFamiliaFolhaPagamento.csv	14002752	295.729272338
201511_BolsaFamiliaFolhaPagamento.csv	13815096	309.083472323
201512_BolsaFamiliaFolhaPagamento.csv	13980491	292.806363944
201601_BolsaFamiliaFolhaPagamento.csv	14020581	297.264275404
201602_BolsaFamiliaFolhaPagamento.csv	14008965	292.546464876
201603_BolsaFamiliaFolhaPagamento.csv	13868458	293.142191182
201604_BolsaFamiliaFolhaPagamento.csv	13932487	294.403897093
201605_BolsaFamiliaFolhaPagamento.csv	13872465	307.710266799
201606_BolsaFamiliaFolhaPagamento.csv	13849866	307.89398099

Arquivo	Registros	Tempo
201407_BolsaFamiliaFolhaPagamento.csv	14389582	289.906787114
201408_BolsaFamiliaFolhaPagamento.csv	14131123	295.122549601
201409_BolsaFamiliaFolhaPagamento.csv	14143630	292.979806806
201410_BolsaFamiliaFolhaPagamento.csv	14076919	287.846819783
201411_BolsaFamiliaFolhaPagamento.csv	14109947	295.774001374
201412_BolsaFamiliaFolhaPagamento.csv	14054243	303.818808348
201501_BolsaFamiliaFolhaPagamento.csv	14026988	296.05489521
201502_BolsaFamiliaFolhaPagamento.csv	14042558	290.626281551
201503_BolsaFamiliaFolhaPagamento.csv	14004026	291.717053096
201504_BolsaFamiliaFolhaPagamento.csv	13787678	285.74547131
201505_BolsaFamiliaFolhaPagamento.csv	13779988	286.963471169
201506_BolsaFamiliaFolhaPagamento.csv	13753665	298.926953268
201507_BolsaFamiliaFolhaPagamento.csv	13861879	289.464276582
201508_BolsaFamiliaFolhaPagamento.csv	13823829	288.008664536
201509_BolsaFamiliaFolhaPagamento.csv	13912767	291.698988062
201510_BolsaFamiliaFolhaPagamento.csv	14002752	294.357794108
201511_BolsaFamiliaFolhaPagamento.csv	13815096	310.397171581
201512_BolsaFamiliaFolhaPagamento.csv	13980491	296.652167758
201601_BolsaFamiliaFolhaPagamento.csv	14020581	304.069644889
201602_BolsaFamiliaFolhaPagamento.csv	14008965	296.789748759
201603_BolsaFamiliaFolhaPagamento.csv	13868458	297.981278754
201604_BolsaFamiliaFolhaPagamento.csv	13932487	299.057539466
201605_BolsaFamiliaFolhaPagamento.csv	13872465	313.853753711
201606_BolsaFamiliaFolhaPagamento.csv	13849866	316.321365312

