Arquivo	Registros	Tempo
201407_BolsaFamiliaFolhaPagamento.csv	14389582	293.475097265
201408_BolsaFamiliaFolhaPagamento.csv	14131123	281.896063064
201409_BolsaFamiliaFolhaPagamento.csv	14143630	276.836406361
201410_BolsaFamiliaFolhaPagamento.csv	14076919	273.667554478
201411_BolsaFamiliaFolhaPagamento.csv	14109947	280.787316092
201412_BolsaFamiliaFolhaPagamento.csv	14054243	274.448609061
201501_BolsaFamiliaFolhaPagamento.csv	14026988	271.57422308
201502_BolsaFamiliaFolhaPagamento.csv	14042558	273.638839814
201503_BolsaFamiliaFolhaPagamento.csv	14004026	275.280590157
201504_BolsaFamiliaFolhaPagamento.csv	13787678	267.12481529
201505_BolsaFamiliaFolhaPagamento.csv	13779988	275.676129182
201506_BolsaFamiliaFolhaPagamento.csv	13753665	265.20153366
201507_BolsaFamiliaFolhaPagamento.csv	13861879	273.665463473
201508_BolsaFamiliaFolhaPagamento.csv	13823829	264.306297179
201509_BolsaFamiliaFolhaPagamento.csv	13912767	272.425014937
201510_BolsaFamiliaFolhaPagamento.csv	14002752	267.516900646
201511_BolsaFamiliaFolhaPagamento.csv	13815096	272.186628447
201512_BolsaFamiliaFolhaPagamento.csv	13980491	279.614398495
201601_BolsaFamiliaFolhaPagamento.csv	14020581	269.946895528
201602_BolsaFamiliaFolhaPagamento.csv	14008965	268.458738885
201603_BolsaFamiliaFolhaPagamento.csv	13868458	276.319910555
201604_BolsaFamiliaFolhaPagamento.csv	13932487	272.633850723
201605_BolsaFamiliaFolhaPagamento.csv	13872465	267.593384421
201606_BolsaFamiliaFolhaPagamento.csv	13849866	266.114222316

Arquivo	Registros	Tempo
201407_BolsaFamiliaFolhaPagamento.csv	14389582	273.687145768
201408_BolsaFamiliaFolhaPagamento.csv	14131123	269.523808092
201409_BolsaFamiliaFolhaPagamento.csv	14143630	273.391611397
201410_BolsaFamiliaFolhaPagamento.csv	14076919	268.808553155
201411_BolsaFamiliaFolhaPagamento.csv	14109947	276.305848649
201412_BolsaFamiliaFolhaPagamento.csv	14054243	272.395899807
201501_BolsaFamiliaFolhaPagamento.csv	14026988	269.427301516
201502_BolsaFamiliaFolhaPagamento.csv	14042558	280.633239872
201503_BolsaFamiliaFolhaPagamento.csv	14004026	274.089266932
201504_BolsaFamiliaFolhaPagamento.csv	13787678	264.594324138
201505_BolsaFamiliaFolhaPagamento.csv	13779988	272.324143679
201506_BolsaFamiliaFolhaPagamento.csv	13753665	263.938771207
201507_BolsaFamiliaFolhaPagamento.csv	13861879	271.888260462
201508_BolsaFamiliaFolhaPagamento.csv	13823829	264.220743377
201509_BolsaFamiliaFolhaPagamento.csv	13912767	269.585059494
201510_BolsaFamiliaFolhaPagamento.csv	14002752	272.870709433
201511_BolsaFamiliaFolhaPagamento.csv	13815096	272.939396533
201512_BolsaFamiliaFolhaPagamento.csv	13980491	281.463303339
201601_BolsaFamiliaFolhaPagamento.csv	14020581	271.443053479
201602_BolsaFamiliaFolhaPagamento.csv	14008965	276.007848791
201603_BolsaFamiliaFolhaPagamento.csv	13868458	277.137039709
201604_BolsaFamiliaFolhaPagamento.csv	13932487	271.754666673
201605_BolsaFamiliaFolhaPagamento.csv	13872465	268.018438525
201606_BolsaFamiliaFolhaPagamento.csv	13849866	266.909864754

Arquivo	Registros	Tempo
201407_BolsaFamiliaFolhaPagamento.csv	14389582	308.479246892
201408_BolsaFamiliaFolhaPagamento.csv	14131123	302.155039515
201409_BolsaFamiliaFolhaPagamento.csv	14143630	304.816978978
201410_BolsaFamiliaFolhaPagamento.csv	14076919	302.879134193
201411_BolsaFamiliaFolhaPagamento.csv	14109947	306.611562418
201412_BolsaFamiliaFolhaPagamento.csv	14054243	309.806933089
201501_BolsaFamiliaFolhaPagamento.csv	14026988	299.900087849
201502_BolsaFamiliaFolhaPagamento.csv	14042558	302.458708677
201503_BolsaFamiliaFolhaPagamento.csv	14004026	301.109265505
201504_BolsaFamiliaFolhaPagamento.csv	13787678	301.763206456
201505_BolsaFamiliaFolhaPagamento.csv	13779988	306.715818454
201506_BolsaFamiliaFolhaPagamento.csv	13753665	295.979428365
201507_BolsaFamiliaFolhaPagamento.csv	13861879	298.279144843
201508_BolsaFamiliaFolhaPagamento.csv	13823829	299.073023422
201509_BolsaFamiliaFolhaPagamento.csv	13912767	301.727482502
201510_BolsaFamiliaFolhaPagamento.csv	14002752	299.647652651
201511_BolsaFamiliaFolhaPagamento.csv	13815096	304.464265131
201512_BolsaFamiliaFolhaPagamento.csv	13980491	312.0691642
201601_BolsaFamiliaFolhaPagamento.csv	14020581	295.214429564
201602_BolsaFamiliaFolhaPagamento.csv	14008965	295.460581893
201603_BolsaFamiliaFolhaPagamento.csv	13868458	303.590356714
201604_BolsaFamiliaFolhaPagamento.csv	13932487	309.849735799
201605_BolsaFamiliaFolhaPagamento.csv	13872465	295.686821652
201606_BolsaFamiliaFolhaPagamento.csv	13849866	295.690337061

Arquivo	Registros	Tempo
201407_BolsaFamiliaFolhaPagamento.csv	14389582	305.336458151
201408_BolsaFamiliaFolhaPagamento.csv	14131123	303.333735253
201409_BolsaFamiliaFolhaPagamento.csv	14143630	304.975902032
201410_BolsaFamiliaFolhaPagamento.csv	14076919	296.235898488
201411_BolsaFamiliaFolhaPagamento.csv	14109947	299.5353625
201412_BolsaFamiliaFolhaPagamento.csv	14054243	305.994434763
201501_BolsaFamiliaFolhaPagamento.csv	14026988	304.136664609
201502_BolsaFamiliaFolhaPagamento.csv	14042558	297.419348166
201503_BolsaFamiliaFolhaPagamento.csv	14004026	304.348118629
201504_BolsaFamiliaFolhaPagamento.csv	13787678	291.326330843
201505_BolsaFamiliaFolhaPagamento.csv	13779988	300.730720353
201506_BolsaFamiliaFolhaPagamento.csv	13753665	289.270705972
201507_BolsaFamiliaFolhaPagamento.csv	13861879	302.118170558
201508_BolsaFamiliaFolhaPagamento.csv	13823829	295.179826922
201509_BolsaFamiliaFolhaPagamento.csv	13912767	303.097862522
201510_BolsaFamiliaFolhaPagamento.csv	14002752	300.643395298
201511_BolsaFamiliaFolhaPagamento.csv	13815096	295.136834439
201512_BolsaFamiliaFolhaPagamento.csv	13980491	310.278327784
201601_BolsaFamiliaFolhaPagamento.csv	14020581	299.505509335
201602_BolsaFamiliaFolhaPagamento.csv	14008965	306.022317207
201603_BolsaFamiliaFolhaPagamento.csv	13868458	305.161177896
201604_BolsaFamiliaFolhaPagamento.csv	13932487	304.363915734
201605_BolsaFamiliaFolhaPagamento.csv	13872465	300.561997875
201606_BolsaFamiliaFolhaPagamento.csv	13849866	299.299395191

Arquivo	Registros	Tempo
201407_BolsaFamiliaFolhaPagamento.csv	14389582	302.503553029
201408_BolsaFamiliaFolhaPagamento.csv	14131123	301.285974368
201409_BolsaFamiliaFolhaPagamento.csv	14143630	295.80982361
201410_BolsaFamiliaFolhaPagamento.csv	14076919	302.549239947
201411_BolsaFamiliaFolhaPagamento.csv	14109947	299.809590728
201412_BolsaFamiliaFolhaPagamento.csv	14054243	303.012737368
201501_BolsaFamiliaFolhaPagamento.csv	14026988	296.224241732
201502_BolsaFamiliaFolhaPagamento.csv	14042558	300.721086926
201503_BolsaFamiliaFolhaPagamento.csv	14004026	303.14129615
201504_BolsaFamiliaFolhaPagamento.csv	13787678	296.150358332
201505_BolsaFamiliaFolhaPagamento.csv	13779988	299.372691122
201506_BolsaFamiliaFolhaPagamento.csv	13753665	292.646848506
201507_BolsaFamiliaFolhaPagamento.csv	13861879	300.252514472
201508_BolsaFamiliaFolhaPagamento.csv	13823829	292.050472785
201509_BolsaFamiliaFolhaPagamento.csv	13912767	295.821496981
201510_BolsaFamiliaFolhaPagamento.csv	14002752	302.529686367
201511_BolsaFamiliaFolhaPagamento.csv	13815096	293.689809446
201512_BolsaFamiliaFolhaPagamento.csv	13980491	314.38131996
201601_BolsaFamiliaFolhaPagamento.csv	14020581	293.119691322
201602_BolsaFamiliaFolhaPagamento.csv	14008965	302.551381757
201603_BolsaFamiliaFolhaPagamento.csv	13868458	302.580463036
201604_BolsaFamiliaFolhaPagamento.csv	13932487	298.541012917
201605_BolsaFamiliaFolhaPagamento.csv	13872465	292.444906419
201606_BolsaFamiliaFolhaPagamento.csv	13849866	296.750980089

Arquivo	Registros	Tempo
201407_BolsaFamiliaFolhaPagamento.csv	14389582	306.085258436
201408_BolsaFamiliaFolhaPagamento.csv	14131123	296.978938388
201409_BolsaFamiliaFolhaPagamento.csv	14143630	305.553934602
201410_BolsaFamiliaFolhaPagamento.csv	14076919	300.385163987
201411_BolsaFamiliaFolhaPagamento.csv	14109947	301.554939104
201412_BolsaFamiliaFolhaPagamento.csv	14054243	301.551312319
201501_BolsaFamiliaFolhaPagamento.csv	14026988	301.061311087
201502_BolsaFamiliaFolhaPagamento.csv	14042558	299.459734609
201503_BolsaFamiliaFolhaPagamento.csv	14004026	299.123419055
201504_BolsaFamiliaFolhaPagamento.csv	13787678	295.978663245
201505_BolsaFamiliaFolhaPagamento.csv	13779988	307.389111332
201506_BolsaFamiliaFolhaPagamento.csv	13753665	293.740078688
201507_BolsaFamiliaFolhaPagamento.csv	13861879	300.034940357
201508_BolsaFamiliaFolhaPagamento.csv	13823829	289.685882867
201509_BolsaFamiliaFolhaPagamento.csv	13912767	294.123451262
201510_BolsaFamiliaFolhaPagamento.csv	14002752	300.361298623
201511_BolsaFamiliaFolhaPagamento.csv	13815096	298.729751507
201512_BolsaFamiliaFolhaPagamento.csv	13980491	306.055962299
201601_BolsaFamiliaFolhaPagamento.csv	14020581	292.792353519
201602_BolsaFamiliaFolhaPagamento.csv	14008965	299.365695786
201603_BolsaFamiliaFolhaPagamento.csv	13868458	299.583940893
201604_BolsaFamiliaFolhaPagamento.csv	13932487	301.575106583
201605_BolsaFamiliaFolhaPagamento.csv	13872465	294.549805869
201606_BolsaFamiliaFolhaPagamento.csv	13849866	298.571105119

Arquivo	Registros	Tempo
201407_BolsaFamiliaFolhaPagamento.csv	14389582	301.834913325
201408_BolsaFamiliaFolhaPagamento.csv	14131123	301.468002871
201409_BolsaFamiliaFolhaPagamento.csv	14143630	296.396870843
201410_BolsaFamiliaFolhaPagamento.csv	14076919	298.663706896
201411_BolsaFamiliaFolhaPagamento.csv	14109947	302.893608421
201412_BolsaFamiliaFolhaPagamento.csv	14054243	300.342423532
201501_BolsaFamiliaFolhaPagamento.csv	14026988	294.836406027
201502_BolsaFamiliaFolhaPagamento.csv	14042558	299.842511802
201503_BolsaFamiliaFolhaPagamento.csv	14004026	300.680024101
201504_BolsaFamiliaFolhaPagamento.csv	13787678	293.783066108
201505_BolsaFamiliaFolhaPagamento.csv	13779988	296.778373887
201506_BolsaFamiliaFolhaPagamento.csv	13753665	291.471695932
201507_BolsaFamiliaFolhaPagamento.csv	13861879	296.212386865
201508_BolsaFamiliaFolhaPagamento.csv	13823829	295.115669153
201509_BolsaFamiliaFolhaPagamento.csv	13912767	297.00972847
201510_BolsaFamiliaFolhaPagamento.csv	14002752	303.83247623
201511_BolsaFamiliaFolhaPagamento.csv	13815096	294.774004745
201512_BolsaFamiliaFolhaPagamento.csv	13980491	305.040428163
201601_BolsaFamiliaFolhaPagamento.csv	14020581	299.549892778
201602_BolsaFamiliaFolhaPagamento.csv	14008965	305.330321486
201603_BolsaFamiliaFolhaPagamento.csv	13868458	305.583388777
201604_BolsaFamiliaFolhaPagamento.csv	13932487	298.068951671
201605_BolsaFamiliaFolhaPagamento.csv	13872465	302.274221681
201606_BolsaFamiliaFolhaPagamento.csv	13849866	300.311096438

Arquivo	Registros	Tempo
201407_BolsaFamiliaFolhaPagamento.csv	14389582	309.956539116
201408_BolsaFamiliaFolhaPagamento.csv	14131123	304.241317964
201409_BolsaFamiliaFolhaPagamento.csv	14143630	303.31702085
201410_BolsaFamiliaFolhaPagamento.csv	14076919	303.046123411
201411_BolsaFamiliaFolhaPagamento.csv	14109947	302.426203887
201412_BolsaFamiliaFolhaPagamento.csv	14054243	310.789106616
201501_BolsaFamiliaFolhaPagamento.csv	14026988	301.258149147
201502_BolsaFamiliaFolhaPagamento.csv	14042558	300.484530701
201503_BolsaFamiliaFolhaPagamento.csv	14004026	299.218225887
201504_BolsaFamiliaFolhaPagamento.csv	13787678	295.152707856
201505_BolsaFamiliaFolhaPagamento.csv	13779988	310.631048741
201506_BolsaFamiliaFolhaPagamento.csv	13753665	292.359102902
201507_BolsaFamiliaFolhaPagamento.csv	13861879	294.796384016
201508_BolsaFamiliaFolhaPagamento.csv	13823829	292.639942992
201509_BolsaFamiliaFolhaPagamento.csv	13912767	298.275511605
201510_BolsaFamiliaFolhaPagamento.csv	14002752	300.453325723
201511_BolsaFamiliaFolhaPagamento.csv	13815096	300.465086234
201512_BolsaFamiliaFolhaPagamento.csv	13980491	302.076625107
201601_BolsaFamiliaFolhaPagamento.csv	14020581	298.902746952
201602_BolsaFamiliaFolhaPagamento.csv	14008965	316.226600797
201603_BolsaFamiliaFolhaPagamento.csv	13868458	302.459240835
201604_BolsaFamiliaFolhaPagamento.csv	13932487	310.361168663
201605_BolsaFamiliaFolhaPagamento.csv	13872465	294.715084785
201606_BolsaFamiliaFolhaPagamento.csv	13849866	297.683253691

Arquivo	Registros	Tempo
201407_BolsaFamiliaFolhaPagamento.csv	14389582	302.163036782
201408_BolsaFamiliaFolhaPagamento.csv	14131123	303.203695688
201409_BolsaFamiliaFolhaPagamento.csv	14143630	300.255373226
201410_BolsaFamiliaFolhaPagamento.csv	14076919	297.306688789
201411_BolsaFamiliaFolhaPagamento.csv	14109947	299.807319292
201412_BolsaFamiliaFolhaPagamento.csv	14054243	302.260387728
201501_BolsaFamiliaFolhaPagamento.csv	14026988	299.679257971
201502_BolsaFamiliaFolhaPagamento.csv	14042558	297.090617847
201503_BolsaFamiliaFolhaPagamento.csv	14004026	298.595927619
201504_BolsaFamiliaFolhaPagamento.csv	13787678	292.568850234
201505_BolsaFamiliaFolhaPagamento.csv	13779988	301.115150649
201506_BolsaFamiliaFolhaPagamento.csv	13753665	294.082453378
201507_BolsaFamiliaFolhaPagamento.csv	13861879	298.091497945
201508_BolsaFamiliaFolhaPagamento.csv	13823829	296.715207109
201509_BolsaFamiliaFolhaPagamento.csv	13912767	294.952163763
201510_BolsaFamiliaFolhaPagamento.csv	14002752	296.273462815
201511_BolsaFamiliaFolhaPagamento.csv	13815096	301.037033152
201512_BolsaFamiliaFolhaPagamento.csv	13980491	305.726670078
201601_BolsaFamiliaFolhaPagamento.csv	14020581	300.192144551
201602_BolsaFamiliaFolhaPagamento.csv	14008965	298.442878963
201603_BolsaFamiliaFolhaPagamento.csv	13868458	301.067885483
201604_BolsaFamiliaFolhaPagamento.csv	13932487	303.318902273
201605_BolsaFamiliaFolhaPagamento.csv	13872465	297.15736715
201606_BolsaFamiliaFolhaPagamento.csv	13849866	295.08242693

Arquivo	Registros	Tempo
201407_BolsaFamiliaFolhaPagamento.csv	14389582	303.296125092
201408_BolsaFamiliaFolhaPagamento.csv	14131123	301.76660401
201409_BolsaFamiliaFolhaPagamento.csv	14143630	299.425552032
201410_BolsaFamiliaFolhaPagamento.csv	14076919	300.425150513
201411_BolsaFamiliaFolhaPagamento.csv	14109947	302.288612377
201412_BolsaFamiliaFolhaPagamento.csv	14054243	302.935658765
201501_BolsaFamiliaFolhaPagamento.csv	14026988	298.405457632
201502_BolsaFamiliaFolhaPagamento.csv	14042558	299.493494864
201503_BolsaFamiliaFolhaPagamento.csv	14004026	301.882451416
201504_BolsaFamiliaFolhaPagamento.csv	13787678	294.412706618
201505_BolsaFamiliaFolhaPagamento.csv	13779988	299.374351333
201506_BolsaFamiliaFolhaPagamento.csv	13753665	292.780782049
201507_BolsaFamiliaFolhaPagamento.csv	13861879	300.663589232
201508_BolsaFamiliaFolhaPagamento.csv	13823829	292.782618519
201509_BolsaFamiliaFolhaPagamento.csv	13912767	297.621184855
201510_BolsaFamiliaFolhaPagamento.csv	14002752	301.46381015
201511_BolsaFamiliaFolhaPagamento.csv	13815096	298.74215528
201512_BolsaFamiliaFolhaPagamento.csv	13980491	308.115320875
201601_BolsaFamiliaFolhaPagamento.csv	14020581	301.936720343
201602_BolsaFamiliaFolhaPagamento.csv	14008965	299.138079042
201603_BolsaFamiliaFolhaPagamento.csv	13868458	308.0442708
201604_BolsaFamiliaFolhaPagamento.csv	13932487	299.210737243
201605_BolsaFamiliaFolhaPagamento.csv	13872465	299.32055039
201606_BolsaFamiliaFolhaPagamento.csv	13849866	301.748741932

