Arquivo	Registros	Tempo
201407_BolsaFamiliaFolhaPagamento.csv	14389582	267.5658664
201408_BolsaFamiliaFolhaPagamento.csv	14131123	249.564720823
201409_BolsaFamiliaFolhaPagamento.csv	14143630	249.770915112
201410_BolsaFamiliaFolhaPagamento.csv	14076919	244.293061319
201411_BolsaFamiliaFolhaPagamento.csv	14109947	242.700081474
201412_BolsaFamiliaFolhaPagamento.csv	14054243	242.106428145
201501_BolsaFamiliaFolhaPagamento.csv	14026988	247.478261563
201502_BolsaFamiliaFolhaPagamento.csv	14042558	243.430628076
201503_BolsaFamiliaFolhaPagamento.csv	14004026	243.894886136
201504_BolsaFamiliaFolhaPagamento.csv	13787678	247.234054351
201505_BolsaFamiliaFolhaPagamento.csv	13779988	252.276409108
201506_BolsaFamiliaFolhaPagamento.csv	13753665	240.451796769
201507_BolsaFamiliaFolhaPagamento.csv	13861879	241.441390012
201508_BolsaFamiliaFolhaPagamento.csv	13823829	246.281126641
201509_BolsaFamiliaFolhaPagamento.csv	13912767	251.318370316
201510_BolsaFamiliaFolhaPagamento.csv	14002752	243.935648075
201511_BolsaFamiliaFolhaPagamento.csv	13815096	239.316874031
201512_BolsaFamiliaFolhaPagamento.csv	13980491	244.361818473
201601_BolsaFamiliaFolhaPagamento.csv	14020581	243.891643307
201602_BolsaFamiliaFolhaPagamento.csv	14008965	249.329035665
201603_BolsaFamiliaFolhaPagamento.csv	13868458	241.162416586
201604_BolsaFamiliaFolhaPagamento.csv	13932487	245.132908764
201605_BolsaFamiliaFolhaPagamento.csv	13872465	242.515781813
201606_BolsaFamiliaFolhaPagamento.csv	13849866	238.754275796

Arquivo	Registros	Tempo
201407_BolsaFamiliaFolhaPagamento.csv	14389582	252.728983786
201408_BolsaFamiliaFolhaPagamento.csv	14131123	247.508187052
201409_BolsaFamiliaFolhaPagamento.csv	14143630	247.202045453
201410_BolsaFamiliaFolhaPagamento.csv	14076919	248.019885586
201411_BolsaFamiliaFolhaPagamento.csv	14109947	245.190751052
201412_BolsaFamiliaFolhaPagamento.csv	14054243	244.338873148
201501_BolsaFamiliaFolhaPagamento.csv	14026988	246.729889211
201502_BolsaFamiliaFolhaPagamento.csv	14042558	248.00695568
201503_BolsaFamiliaFolhaPagamento.csv	14004026	244.207416549
201504_BolsaFamiliaFolhaPagamento.csv	13787678	246.272656173
201505_BolsaFamiliaFolhaPagamento.csv	13779988	248.959548764
201506_BolsaFamiliaFolhaPagamento.csv	13753665	242.640600353
201507_BolsaFamiliaFolhaPagamento.csv	13861879	241.358649511
201508_BolsaFamiliaFolhaPagamento.csv	13823829	249.088686851
201509_BolsaFamiliaFolhaPagamento.csv	13912767	251.936700031
201510_BolsaFamiliaFolhaPagamento.csv	14002752	245.863121387
201511_BolsaFamiliaFolhaPagamento.csv	13815096	244.723499004
201512_BolsaFamiliaFolhaPagamento.csv	13980491	246.670760122
201601_BolsaFamiliaFolhaPagamento.csv	14020581	247.362870425
201602_BolsaFamiliaFolhaPagamento.csv	14008965	247.855566686
201603_BolsaFamiliaFolhaPagamento.csv	13868458	243.382033716
201604_BolsaFamiliaFolhaPagamento.csv	13932487	245.363280474
201605_BolsaFamiliaFolhaPagamento.csv	13872465	239.492746636
201606_BolsaFamiliaFolhaPagamento.csv	13849866	241.379906714

Arquivo	Registros	Tempo
201407_BolsaFamiliaFolhaPagamento.csv	14389582	250.26572515
201408_BolsaFamiliaFolhaPagamento.csv	14131123	245.867347573
201409_BolsaFamiliaFolhaPagamento.csv	14143630	248.507646973
201410_BolsaFamiliaFolhaPagamento.csv	14076919	249.225362274
201411_BolsaFamiliaFolhaPagamento.csv	14109947	246.250770974
201412_BolsaFamiliaFolhaPagamento.csv	14054243	243.935979716
201501_BolsaFamiliaFolhaPagamento.csv	14026988	246.798187823
201502_BolsaFamiliaFolhaPagamento.csv	14042558	244.600209373
201503_BolsaFamiliaFolhaPagamento.csv	14004026	243.060373734
201504_BolsaFamiliaFolhaPagamento.csv	13787678	243.299757252
201505_BolsaFamiliaFolhaPagamento.csv	13779988	244.826246625
201506_BolsaFamiliaFolhaPagamento.csv	13753665	244.459517197
201507_BolsaFamiliaFolhaPagamento.csv	13861879	241.331920038
201508_BolsaFamiliaFolhaPagamento.csv	13823829	246.839880222
201509_BolsaFamiliaFolhaPagamento.csv	13912767	250.645877556
201510_BolsaFamiliaFolhaPagamento.csv	14002752	244.196519153
201511_BolsaFamiliaFolhaPagamento.csv	13815096	241.84812614
201512_BolsaFamiliaFolhaPagamento.csv	13980491	244.369447351
201601_BolsaFamiliaFolhaPagamento.csv	14020581	245.194459751
201602_BolsaFamiliaFolhaPagamento.csv	14008965	247.844239314
201603_BolsaFamiliaFolhaPagamento.csv	13868458	246.978970904
201604_BolsaFamiliaFolhaPagamento.csv	13932487	247.56599548
201605_BolsaFamiliaFolhaPagamento.csv	13872465	240.603335601
201606_BolsaFamiliaFolhaPagamento.csv	13849866	243.374708769

Arquivo	Registros	Tempo
201407_BolsaFamiliaFolhaPagamento.csv	14389582	250.248579872
201408_BolsaFamiliaFolhaPagamento.csv	14131123	251.772357878
201409_BolsaFamiliaFolhaPagamento.csv	14143630	247.375450477
201410_BolsaFamiliaFolhaPagamento.csv	14076919	253.399871152
201411_BolsaFamiliaFolhaPagamento.csv	14109947	249.756132315
201412_BolsaFamiliaFolhaPagamento.csv	14054243	244.72967595
201501_BolsaFamiliaFolhaPagamento.csv	14026988	247.614417329
201502_BolsaFamiliaFolhaPagamento.csv	14042558	248.335561041
201503_BolsaFamiliaFolhaPagamento.csv	14004026	241.412110734
201504_BolsaFamiliaFolhaPagamento.csv	13787678	241.019365143
201505_BolsaFamiliaFolhaPagamento.csv	13779988	248.131982295
201506_BolsaFamiliaFolhaPagamento.csv	13753665	244.007360248
201507_BolsaFamiliaFolhaPagamento.csv	13861879	241.190345792
201508_BolsaFamiliaFolhaPagamento.csv	13823829	248.737715933
201509_BolsaFamiliaFolhaPagamento.csv	13912767	254.375593696
201510_BolsaFamiliaFolhaPagamento.csv	14002752	249.656967506
201511_BolsaFamiliaFolhaPagamento.csv	13815096	244.415836875
201512_BolsaFamiliaFolhaPagamento.csv	13980491	247.257976278
201601_BolsaFamiliaFolhaPagamento.csv	14020581	246.588254112
201602_BolsaFamiliaFolhaPagamento.csv	14008965	250.868617107
201603_BolsaFamiliaFolhaPagamento.csv	13868458	244.826457013
201604_BolsaFamiliaFolhaPagamento.csv	13932487	246.38254937
201605_BolsaFamiliaFolhaPagamento.csv	13872465	242.679253339
201606_BolsaFamiliaFolhaPagamento.csv	13849866	243.626949983

Arquivo	Registros	Tempo
201407_BolsaFamiliaFolhaPagamento.csv	14389582	250.176926429
201408_BolsaFamiliaFolhaPagamento.csv	14131123	246.759181578
201409_BolsaFamiliaFolhaPagamento.csv	14143630	249.659560487
201410_BolsaFamiliaFolhaPagamento.csv	14076919	248.762464889
201411_BolsaFamiliaFolhaPagamento.csv	14109947	249.372882796
201412_BolsaFamiliaFolhaPagamento.csv	14054243	248.983577074
201501_BolsaFamiliaFolhaPagamento.csv	14026988	249.990078744
201502_BolsaFamiliaFolhaPagamento.csv	14042558	246.63917542
201503_BolsaFamiliaFolhaPagamento.csv	14004026	244.175531931
201504_BolsaFamiliaFolhaPagamento.csv	13787678	243.106634819
201505_BolsaFamiliaFolhaPagamento.csv	13779988	248.955372413
201506_BolsaFamiliaFolhaPagamento.csv	13753665	244.022487082
201507_BolsaFamiliaFolhaPagamento.csv	13861879	242.549403313
201508_BolsaFamiliaFolhaPagamento.csv	13823829	250.810766502
201509_BolsaFamiliaFolhaPagamento.csv	13912767	254.155244178
201510_BolsaFamiliaFolhaPagamento.csv	14002752	246.183781407
201511_BolsaFamiliaFolhaPagamento.csv	13815096	246.305659472
201512_BolsaFamiliaFolhaPagamento.csv	13980491	249.294204053
201601_BolsaFamiliaFolhaPagamento.csv	14020581	248.103242843
201602_BolsaFamiliaFolhaPagamento.csv	14008965	250.522172322
201603_BolsaFamiliaFolhaPagamento.csv	13868458	246.564097304
201604_BolsaFamiliaFolhaPagamento.csv	13932487	246.088645336
201605_BolsaFamiliaFolhaPagamento.csv	13872465	243.460772281
201606_BolsaFamiliaFolhaPagamento.csv	13849866	243.581684272

Arquivo	Registros	Tempo
201407_BolsaFamiliaFolhaPagamento.csv	14389582	252.190947903
201408_BolsaFamiliaFolhaPagamento.csv	14131123	249.826416587
201409_BolsaFamiliaFolhaPagamento.csv	14143630	251.669696269
201410_BolsaFamiliaFolhaPagamento.csv	14076919	251.875849916
201411_BolsaFamiliaFolhaPagamento.csv	14109947	249.78013774
201412_BolsaFamiliaFolhaPagamento.csv	14054243	248.498467357
201501_BolsaFamiliaFolhaPagamento.csv	14026988	249.284783411
201502_BolsaFamiliaFolhaPagamento.csv	14042558	251.347423453
201503_BolsaFamiliaFolhaPagamento.csv	14004026	248.02971397
201504_BolsaFamiliaFolhaPagamento.csv	13787678	248.316009646
201505_BolsaFamiliaFolhaPagamento.csv	13779988	251.273091404
201506_BolsaFamiliaFolhaPagamento.csv	13753665	241.637592243
201507_BolsaFamiliaFolhaPagamento.csv	13861879	244.287636405
201508_BolsaFamiliaFolhaPagamento.csv	13823829	256.53764399
201509_BolsaFamiliaFolhaPagamento.csv	13912767	260.518210663
201510_BolsaFamiliaFolhaPagamento.csv	14002752	246.376007313
201511_BolsaFamiliaFolhaPagamento.csv	13815096	244.343131814
201512_BolsaFamiliaFolhaPagamento.csv	13980491	251.161916086
201601_BolsaFamiliaFolhaPagamento.csv	14020581	246.849782981
201602_BolsaFamiliaFolhaPagamento.csv	14008965	250.5316679
201603_BolsaFamiliaFolhaPagamento.csv	13868458	248.144086407
201604_BolsaFamiliaFolhaPagamento.csv	13932487	249.112162467
201605_BolsaFamiliaFolhaPagamento.csv	13872465	242.967774814
201606_BolsaFamiliaFolhaPagamento.csv	13849866	246.421864461

Arquivo	Registros	Tempo
201407_BolsaFamiliaFolhaPagamento.csv	14389582	255.66630611
201408_BolsaFamiliaFolhaPagamento.csv	14131123	249.18125674
201409_BolsaFamiliaFolhaPagamento.csv	14143630	249.398846465
201410_BolsaFamiliaFolhaPagamento.csv	14076919	251.999839324
201411_BolsaFamiliaFolhaPagamento.csv	14109947	249.389063167
201412_BolsaFamiliaFolhaPagamento.csv	14054243	246.126406868
201501_BolsaFamiliaFolhaPagamento.csv	14026988	246.967802786
201502_BolsaFamiliaFolhaPagamento.csv	14042558	247.791459353
201503_BolsaFamiliaFolhaPagamento.csv	14004026	245.110037845
201504_BolsaFamiliaFolhaPagamento.csv	13787678	249.351739
201505_BolsaFamiliaFolhaPagamento.csv	13779988	248.84590663
201506_BolsaFamiliaFolhaPagamento.csv	13753665	243.591533382
201507_BolsaFamiliaFolhaPagamento.csv	13861879	242.790803848
201508_BolsaFamiliaFolhaPagamento.csv	13823829	250.855545434
201509_BolsaFamiliaFolhaPagamento.csv	13912767	254.252584627
201510_BolsaFamiliaFolhaPagamento.csv	14002752	247.701024035
201511_BolsaFamiliaFolhaPagamento.csv	13815096	248.810721211
201512_BolsaFamiliaFolhaPagamento.csv	13980491	246.43402156
201601_BolsaFamiliaFolhaPagamento.csv	14020581	246.762658844
201602_BolsaFamiliaFolhaPagamento.csv	14008965	249.430628983
201603_BolsaFamiliaFolhaPagamento.csv	13868458	244.598344904
201604_BolsaFamiliaFolhaPagamento.csv	13932487	248.327631238
201605_BolsaFamiliaFolhaPagamento.csv	13872465	242.228689718
201606_BolsaFamiliaFolhaPagamento.csv	13849866	244.239140617

Arquivo	Registros	Tempo
201407_BolsaFamiliaFolhaPagamento.csv	14389582	249.419293193
201408_BolsaFamiliaFolhaPagamento.csv	14131123	247.012950592
201409_BolsaFamiliaFolhaPagamento.csv	14143630	249.71509704
201410_BolsaFamiliaFolhaPagamento.csv	14076919	252.550823943
201411_BolsaFamiliaFolhaPagamento.csv	14109947	247.438447127
201412_BolsaFamiliaFolhaPagamento.csv	14054243	247.534170045
201501_BolsaFamiliaFolhaPagamento.csv	14026988	251.73853807
201502_BolsaFamiliaFolhaPagamento.csv	14042558	255.650516413
201503_BolsaFamiliaFolhaPagamento.csv	14004026	244.531915308
201504_BolsaFamiliaFolhaPagamento.csv	13787678	243.639422403
201505_BolsaFamiliaFolhaPagamento.csv	13779988	249.550229634
201506_BolsaFamiliaFolhaPagamento.csv	13753665	245.714432281
201507_BolsaFamiliaFolhaPagamento.csv	13861879	245.47503844
201508_BolsaFamiliaFolhaPagamento.csv	13823829	248.848642517
201509_BolsaFamiliaFolhaPagamento.csv	13912767	255.377273712
201510_BolsaFamiliaFolhaPagamento.csv	14002752	251.033475442
201511_BolsaFamiliaFolhaPagamento.csv	13815096	244.530214584
201512_BolsaFamiliaFolhaPagamento.csv	13980491	247.260389139
201601_BolsaFamiliaFolhaPagamento.csv	14020581	246.996290215
201602_BolsaFamiliaFolhaPagamento.csv	14008965	250.855027143
201603_BolsaFamiliaFolhaPagamento.csv	13868458	244.767516158
201604_BolsaFamiliaFolhaPagamento.csv	13932487	248.103060984
201605_BolsaFamiliaFolhaPagamento.csv	13872465	242.836792001
201606_BolsaFamiliaFolhaPagamento.csv	13849866	245.264698241

Arquivo	Registros	Tempo
201407_BolsaFamiliaFolhaPagamento.csv	14389582	251.415906502
201408_BolsaFamiliaFolhaPagamento.csv	14131123	247.865755186
201409_BolsaFamiliaFolhaPagamento.csv	14143630	250.635739743
201410_BolsaFamiliaFolhaPagamento.csv	14076919	250.267371044
201411_BolsaFamiliaFolhaPagamento.csv	14109947	248.311137193
201412_BolsaFamiliaFolhaPagamento.csv	14054243	249.153984147
201501_BolsaFamiliaFolhaPagamento.csv	14026988	251.148883885
201502_BolsaFamiliaFolhaPagamento.csv	14042558	248.699262458
201503_BolsaFamiliaFolhaPagamento.csv	14004026	245.262918503
201504_BolsaFamiliaFolhaPagamento.csv	13787678	245.302297816
201505_BolsaFamiliaFolhaPagamento.csv	13779988	249.998666568
201506_BolsaFamiliaFolhaPagamento.csv	13753665	244.405801592
201507_BolsaFamiliaFolhaPagamento.csv	13861879	243.209866825
201508_BolsaFamiliaFolhaPagamento.csv	13823829	249.606265306
201509_BolsaFamiliaFolhaPagamento.csv	13912767	261.667205178
201510_BolsaFamiliaFolhaPagamento.csv	14002752	248.040271306
201511_BolsaFamiliaFolhaPagamento.csv	13815096	245.045453816
201512_BolsaFamiliaFolhaPagamento.csv	13980491	248.892612727
201601_BolsaFamiliaFolhaPagamento.csv	14020581	251.903908688
201602_BolsaFamiliaFolhaPagamento.csv	14008965	255.26591949
201603_BolsaFamiliaFolhaPagamento.csv	13868458	247.831780859
201604_BolsaFamiliaFolhaPagamento.csv	13932487	249.44763469
201605_BolsaFamiliaFolhaPagamento.csv	13872465	244.385418592
201606_BolsaFamiliaFolhaPagamento.csv	13849866	245.507952864

Arquivo	Registros	Tempo
201407_BolsaFamiliaFolhaPagamento.csv	14389582	252.937986517
201408_BolsaFamiliaFolhaPagamento.csv	14131123	248.888938412
201409_BolsaFamiliaFolhaPagamento.csv	14143630	251.641260345
201410_BolsaFamiliaFolhaPagamento.csv	14076919	251.89295025
201411_BolsaFamiliaFolhaPagamento.csv	14109947	248.684633185
201412_BolsaFamiliaFolhaPagamento.csv	14054243	248.964229066
201501_BolsaFamiliaFolhaPagamento.csv	14026988	251.322779471
201502_BolsaFamiliaFolhaPagamento.csv	14042558	251.139418491
201503_BolsaFamiliaFolhaPagamento.csv	14004026	246.418127832
201504_BolsaFamiliaFolhaPagamento.csv	13787678	246.699387915
201505_BolsaFamiliaFolhaPagamento.csv	13779988	256.577363052
201506_BolsaFamiliaFolhaPagamento.csv	13753665	247.158769824
201507_BolsaFamiliaFolhaPagamento.csv	13861879	245.17227617
201508_BolsaFamiliaFolhaPagamento.csv	13823829	253.07579734
201509_BolsaFamiliaFolhaPagamento.csv	13912767	258.93903247
201510_BolsaFamiliaFolhaPagamento.csv	14002752	248.61919051
201511_BolsaFamiliaFolhaPagamento.csv	13815096	249.464073817
201512_BolsaFamiliaFolhaPagamento.csv	13980491	253.017083665
201601_BolsaFamiliaFolhaPagamento.csv	14020581	247.258103114
201602_BolsaFamiliaFolhaPagamento.csv	14008965	253.641655302
201603_BolsaFamiliaFolhaPagamento.csv	13868458	249.417231391
201604_BolsaFamiliaFolhaPagamento.csv	13932487	250.218847544
201605_BolsaFamiliaFolhaPagamento.csv	13872465	248.167985418
201606_BolsaFamiliaFolhaPagamento.csv	13849866	245.351458646

