Arquivo	Registros	Tempo
201407_BolsaFamiliaFolhaPagamento.csv	14389582	270.364769938
201408_BolsaFamiliaFolhaPagamento.csv	14131123	258.539333108
201409_BolsaFamiliaFolhaPagamento.csv	14143630	260.312672215
201410_BolsaFamiliaFolhaPagamento.csv	14076919	260.558910278
201411_BolsaFamiliaFolhaPagamento.csv	14109947	256.001408818
201412_BolsaFamiliaFolhaPagamento.csv	14054243	253.183922829
201501_BolsaFamiliaFolhaPagamento.csv	14026988	257.611550811
201502_BolsaFamiliaFolhaPagamento.csv	14042558	260.641998358
201503_BolsaFamiliaFolhaPagamento.csv	14004026	252.916465405
201504_BolsaFamiliaFolhaPagamento.csv	13787678	249.61383427
201505_BolsaFamiliaFolhaPagamento.csv	13779988	251.620112911
201506_BolsaFamiliaFolhaPagamento.csv	13753665	254.252701144
201507_BolsaFamiliaFolhaPagamento.csv	13861879	253.354084902
201508_BolsaFamiliaFolhaPagamento.csv	13823829	251.909383461
201509_BolsaFamiliaFolhaPagamento.csv	13912767	257.628445851
201510_BolsaFamiliaFolhaPagamento.csv	14002752	268.605684319
201511_BolsaFamiliaFolhaPagamento.csv	13815096	252.864627824
201512_BolsaFamiliaFolhaPagamento.csv	13980491	254.059600654
201601_BolsaFamiliaFolhaPagamento.csv	14020581	259.485134492
201602_BolsaFamiliaFolhaPagamento.csv	14008965	260.603455825
201603_BolsaFamiliaFolhaPagamento.csv	13868458	251.889931237
201604_BolsaFamiliaFolhaPagamento.csv	13932487	256.380595078
201605_BolsaFamiliaFolhaPagamento.csv	13872465	256.189963136
201606_BolsaFamiliaFolhaPagamento.csv	13849866	251.984969799

Arquivo	Registros	Tempo
201407_BolsaFamiliaFolhaPagamento.csv	14389582	262.379166864
201408_BolsaFamiliaFolhaPagamento.csv	14131123	256.910409067
201409_BolsaFamiliaFolhaPagamento.csv	14143630	257.767432685
201410_BolsaFamiliaFolhaPagamento.csv	14076919	259.082621211
201411_BolsaFamiliaFolhaPagamento.csv	14109947	257.450833126
201412_BolsaFamiliaFolhaPagamento.csv	14054243	255.036315548
201501_BolsaFamiliaFolhaPagamento.csv	14026988	258.463538166
201502_BolsaFamiliaFolhaPagamento.csv	14042558	259.463109844
201503_BolsaFamiliaFolhaPagamento.csv	14004026	255.235063743
201504_BolsaFamiliaFolhaPagamento.csv	13787678	265.120669395
201505_BolsaFamiliaFolhaPagamento.csv	13779988	253.843123904
201506_BolsaFamiliaFolhaPagamento.csv	13753665	256.731608807
201507_BolsaFamiliaFolhaPagamento.csv	13861879	256.911507221
201508_BolsaFamiliaFolhaPagamento.csv	13823829	256.27646693
201509_BolsaFamiliaFolhaPagamento.csv	13912767	262.212815655
201510_BolsaFamiliaFolhaPagamento.csv	14002752	274.668416021
201511_BolsaFamiliaFolhaPagamento.csv	13815096	259.378279052
201512_BolsaFamiliaFolhaPagamento.csv	13980491	263.826868994
201601_BolsaFamiliaFolhaPagamento.csv	14020581	266.178934776
201602_BolsaFamiliaFolhaPagamento.csv	14008965	263.895143393
201603_BolsaFamiliaFolhaPagamento.csv	13868458	260.100479315
201604_BolsaFamiliaFolhaPagamento.csv	13932487	256.094573885
201605_BolsaFamiliaFolhaPagamento.csv	13872465	258.365099833
201606_BolsaFamiliaFolhaPagamento.csv	13849866	255.782346537

Arquivo	Registros	Tempo
201407_BolsaFamiliaFolhaPagamento.csv	14389582	262.317991077
201408_BolsaFamiliaFolhaPagamento.csv	14131123	258.389263994
201409_BolsaFamiliaFolhaPagamento.csv	14143630	258.972734857
201410_BolsaFamiliaFolhaPagamento.csv	14076919	262.92280572
201411_BolsaFamiliaFolhaPagamento.csv	14109947	259.543509792
201412_BolsaFamiliaFolhaPagamento.csv	14054243	256.887762432
201501_BolsaFamiliaFolhaPagamento.csv	14026988	257.68774182
201502_BolsaFamiliaFolhaPagamento.csv	14042558	263.894565755
201503_BolsaFamiliaFolhaPagamento.csv	14004026	258.070149814
201504_BolsaFamiliaFolhaPagamento.csv	13787678	253.348306153
201505_BolsaFamiliaFolhaPagamento.csv	13779988	256.242933023
201506_BolsaFamiliaFolhaPagamento.csv	13753665	257.278931826
201507_BolsaFamiliaFolhaPagamento.csv	13861879	255.622453274
201508_BolsaFamiliaFolhaPagamento.csv	13823829	255.9546074
201509_BolsaFamiliaFolhaPagamento.csv	13912767	259.153667562
201510_BolsaFamiliaFolhaPagamento.csv	14002752	274.716786404
201511_BolsaFamiliaFolhaPagamento.csv	13815096	254.581002128
201512_BolsaFamiliaFolhaPagamento.csv	13980491	255.683861041
201601_BolsaFamiliaFolhaPagamento.csv	14020581	264.034001842
201602_BolsaFamiliaFolhaPagamento.csv	14008965	261.185231085
201603_BolsaFamiliaFolhaPagamento.csv	13868458	257.179705984
201604_BolsaFamiliaFolhaPagamento.csv	13932487	256.91576443
201605_BolsaFamiliaFolhaPagamento.csv	13872465	259.775533133
201606_BolsaFamiliaFolhaPagamento.csv	13849866	256.581928682

Arquivo	Registros	Tempo
201407_BolsaFamiliaFolhaPagamento.csv	14389582	264.080603013
201408_BolsaFamiliaFolhaPagamento.csv	14131123	260.437994244
201409_BolsaFamiliaFolhaPagamento.csv	14143630	260.941474911
201410_BolsaFamiliaFolhaPagamento.csv	14076919	263.654409417
201411_BolsaFamiliaFolhaPagamento.csv	14109947	259.094596368
201412_BolsaFamiliaFolhaPagamento.csv	14054243	257.628807227
201501_BolsaFamiliaFolhaPagamento.csv	14026988	262.79421722
201502_BolsaFamiliaFolhaPagamento.csv	14042558	262.998913738
201503_BolsaFamiliaFolhaPagamento.csv	14004026	257.879184736
201504_BolsaFamiliaFolhaPagamento.csv	13787678	255.266974268
201505_BolsaFamiliaFolhaPagamento.csv	13779988	256.216832695
201506_BolsaFamiliaFolhaPagamento.csv	13753665	257.036746585
201507_BolsaFamiliaFolhaPagamento.csv	13861879	257.690602581
201508_BolsaFamiliaFolhaPagamento.csv	13823829	257.185843052
201509_BolsaFamiliaFolhaPagamento.csv	13912767	262.313052878
201510_BolsaFamiliaFolhaPagamento.csv	14002752	278.185066107
201511_BolsaFamiliaFolhaPagamento.csv	13815096	255.441013334
201512_BolsaFamiliaFolhaPagamento.csv	13980491	258.308578607
201601_BolsaFamiliaFolhaPagamento.csv	14020581	260.938326024
201602_BolsaFamiliaFolhaPagamento.csv	14008965	261.546027976
201603_BolsaFamiliaFolhaPagamento.csv	13868458	254.467729145
201604_BolsaFamiliaFolhaPagamento.csv	13932487	258.611416095
201605_BolsaFamiliaFolhaPagamento.csv	13872465	258.394932731
201606_BolsaFamiliaFolhaPagamento.csv	13849866	254.419863557

Arquivo	Registros	Tempo
201407_BolsaFamiliaFolhaPagamento.csv	14389582	262.778210669
201408_BolsaFamiliaFolhaPagamento.csv	14131123	261.141160154
201409_BolsaFamiliaFolhaPagamento.csv	14143630	260.236072706
201410_BolsaFamiliaFolhaPagamento.csv	14076919	263.130714556
201411_BolsaFamiliaFolhaPagamento.csv	14109947	259.4324996
201412_BolsaFamiliaFolhaPagamento.csv	14054243	257.252980735
201501_BolsaFamiliaFolhaPagamento.csv	14026988	260.119885914
201502_BolsaFamiliaFolhaPagamento.csv	14042558	264.118452005
201503_BolsaFamiliaFolhaPagamento.csv	14004026	257.377567049
201504_BolsaFamiliaFolhaPagamento.csv	13787678	255.678536413
201505_BolsaFamiliaFolhaPagamento.csv	13779988	254.481909253
201506_BolsaFamiliaFolhaPagamento.csv	13753665	256.50363833
201507_BolsaFamiliaFolhaPagamento.csv	13861879	258.6512473
201508_BolsaFamiliaFolhaPagamento.csv	13823829	254.554544175
201509_BolsaFamiliaFolhaPagamento.csv	13912767	263.590563631
201510_BolsaFamiliaFolhaPagamento.csv	14002752	274.100820618
201511_BolsaFamiliaFolhaPagamento.csv	13815096	258.285087997
201512_BolsaFamiliaFolhaPagamento.csv	13980491	259.464517972
201601_BolsaFamiliaFolhaPagamento.csv	14020581	265.393210807
201602_BolsaFamiliaFolhaPagamento.csv	14008965	261.755665367
201603_BolsaFamiliaFolhaPagamento.csv	13868458	258.307934211
201604_BolsaFamiliaFolhaPagamento.csv	13932487	259.924591705
201605_BolsaFamiliaFolhaPagamento.csv	13872465	259.170420164
201606_BolsaFamiliaFolhaPagamento.csv	13849866	255.868864764

Arquivo	Registros	Tempo
201407_BolsaFamiliaFolhaPagamento.csv	14389582	265.217359876
201408_BolsaFamiliaFolhaPagamento.csv	14131123	259.365813423
201409_BolsaFamiliaFolhaPagamento.csv	14143630	260.222097401
201410_BolsaFamiliaFolhaPagamento.csv	14076919	263.041660301
201411_BolsaFamiliaFolhaPagamento.csv	14109947	260.283444483
201412_BolsaFamiliaFolhaPagamento.csv	14054243	257.924076586
201501_BolsaFamiliaFolhaPagamento.csv	14026988	260.788599177
201502_BolsaFamiliaFolhaPagamento.csv	14042558	262.174878492
201503_BolsaFamiliaFolhaPagamento.csv	14004026	257.731293545
201504_BolsaFamiliaFolhaPagamento.csv	13787678	258.279184175
201505_BolsaFamiliaFolhaPagamento.csv	13779988	255.141699761
201506_BolsaFamiliaFolhaPagamento.csv	13753665	258.431473608
201507_BolsaFamiliaFolhaPagamento.csv	13861879	262.992468201
201508_BolsaFamiliaFolhaPagamento.csv	13823829	258.198613645
201509_BolsaFamiliaFolhaPagamento.csv	13912767	260.509923429
201510_BolsaFamiliaFolhaPagamento.csv	14002752	276.38521197
201511_BolsaFamiliaFolhaPagamento.csv	13815096	256.964569021
201512_BolsaFamiliaFolhaPagamento.csv	13980491	258.902513618
201601_BolsaFamiliaFolhaPagamento.csv	14020581	268.717137572
201602_BolsaFamiliaFolhaPagamento.csv	14008965	264.234346797
201603_BolsaFamiliaFolhaPagamento.csv	13868458	256.086033828
201604_BolsaFamiliaFolhaPagamento.csv	13932487	257.693861653
201605_BolsaFamiliaFolhaPagamento.csv	13872465	260.849439665
201606_BolsaFamiliaFolhaPagamento.csv	13849866	257.488004256

Arquivo	Registros	Tempo
201407_BolsaFamiliaFolhaPagamento.csv	14389582	264.393525725
201408_BolsaFamiliaFolhaPagamento.csv	14131123	262.538738263
201409_BolsaFamiliaFolhaPagamento.csv	14143630	261.858763723
201410_BolsaFamiliaFolhaPagamento.csv	14076919	266.219305616
201411_BolsaFamiliaFolhaPagamento.csv	14109947	265.277908065
201412_BolsaFamiliaFolhaPagamento.csv	14054243	257.49374898
201501_BolsaFamiliaFolhaPagamento.csv	14026988	261.900677395
201502_BolsaFamiliaFolhaPagamento.csv	14042558	264.799355383
201503_BolsaFamiliaFolhaPagamento.csv	14004026	257.652475796
201504_BolsaFamiliaFolhaPagamento.csv	13787678	255.91236287
201505_BolsaFamiliaFolhaPagamento.csv	13779988	256.89597486
201506_BolsaFamiliaFolhaPagamento.csv	13753665	257.474705285
201507_BolsaFamiliaFolhaPagamento.csv	13861879	258.282603114
201508_BolsaFamiliaFolhaPagamento.csv	13823829	254.949814965
201509_BolsaFamiliaFolhaPagamento.csv	13912767	265.081756441
201510_BolsaFamiliaFolhaPagamento.csv	14002752	276.838187255
201511_BolsaFamiliaFolhaPagamento.csv	13815096	257.60591875
201512_BolsaFamiliaFolhaPagamento.csv	13980491	258.8166269
201601_BolsaFamiliaFolhaPagamento.csv	14020581	267.883763733
201602_BolsaFamiliaFolhaPagamento.csv	14008965	263.222342813
201603_BolsaFamiliaFolhaPagamento.csv	13868458	258.22583577
201604_BolsaFamiliaFolhaPagamento.csv	13932487	260.412066102
201605_BolsaFamiliaFolhaPagamento.csv	13872465	262.710268363
201606_BolsaFamiliaFolhaPagamento.csv	13849866	258.326674458

Arquivo	Registros	Tempo
201407_BolsaFamiliaFolhaPagamento.csv	14389582	263.991070166
201408_BolsaFamiliaFolhaPagamento.csv	14131123	262.437762919
201409_BolsaFamiliaFolhaPagamento.csv	14143630	262.331311622
201410_BolsaFamiliaFolhaPagamento.csv	14076919	265.217924828
201411_BolsaFamiliaFolhaPagamento.csv	14109947	261.791886705
201412_BolsaFamiliaFolhaPagamento.csv	14054243	258.313947605
201501_BolsaFamiliaFolhaPagamento.csv	14026988	260.728494647
201502_BolsaFamiliaFolhaPagamento.csv	14042558	266.138036533
201503_BolsaFamiliaFolhaPagamento.csv	14004026	258.260937246
201504_BolsaFamiliaFolhaPagamento.csv	13787678	256.806282984
201505_BolsaFamiliaFolhaPagamento.csv	13779988	257.390539897
201506_BolsaFamiliaFolhaPagamento.csv	13753665	259.234803589
201507_BolsaFamiliaFolhaPagamento.csv	13861879	258.101325605
201508_BolsaFamiliaFolhaPagamento.csv	13823829	257.214342186
201509_BolsaFamiliaFolhaPagamento.csv	13912767	263.299076198
201510_BolsaFamiliaFolhaPagamento.csv	14002752	279.350222496
201511_BolsaFamiliaFolhaPagamento.csv	13815096	254.094425991
201512_BolsaFamiliaFolhaPagamento.csv	13980491	257.284962926
201601_BolsaFamiliaFolhaPagamento.csv	14020581	270.552038311
201602_BolsaFamiliaFolhaPagamento.csv	14008965	265.556887289
201603_BolsaFamiliaFolhaPagamento.csv	13868458	256.106735005
201604_BolsaFamiliaFolhaPagamento.csv	13932487	256.759850804
201605_BolsaFamiliaFolhaPagamento.csv	13872465	260.517989217
201606_BolsaFamiliaFolhaPagamento.csv	13849866	256.943720559

Arquivo	Registros	Tempo
201407_BolsaFamiliaFolhaPagamento.csv	14389582	263.896512137
201408_BolsaFamiliaFolhaPagamento.csv	14131123	259.983434806
201409_BolsaFamiliaFolhaPagamento.csv	14143630	259.4058786
201410_BolsaFamiliaFolhaPagamento.csv	14076919	262.946555655
201411_BolsaFamiliaFolhaPagamento.csv	14109947	260.160112395
201412_BolsaFamiliaFolhaPagamento.csv	14054243	257.575797856
201501_BolsaFamiliaFolhaPagamento.csv	14026988	262.516035855
201502_BolsaFamiliaFolhaPagamento.csv	14042558	260.00854931
201503_BolsaFamiliaFolhaPagamento.csv	14004026	257.79908602
201504_BolsaFamiliaFolhaPagamento.csv	13787678	255.823667697
201505_BolsaFamiliaFolhaPagamento.csv	13779988	254.786895116
201506_BolsaFamiliaFolhaPagamento.csv	13753665	256.721226
201507_BolsaFamiliaFolhaPagamento.csv	13861879	258.000469999
201508_BolsaFamiliaFolhaPagamento.csv	13823829	259.430349671
201509_BolsaFamiliaFolhaPagamento.csv	13912767	261.525848542
201510_BolsaFamiliaFolhaPagamento.csv	14002752	268.265022584
201511_BolsaFamiliaFolhaPagamento.csv	13815096	254.865010391
201512_BolsaFamiliaFolhaPagamento.csv	13980491	259.74133257
201601_BolsaFamiliaFolhaPagamento.csv	14020581	263.181678265
201602_BolsaFamiliaFolhaPagamento.csv	14008965	265.485494287
201603_BolsaFamiliaFolhaPagamento.csv	13868458	254.980252373
201604_BolsaFamiliaFolhaPagamento.csv	13932487	259.128658275
201605_BolsaFamiliaFolhaPagamento.csv	13872465	258.558374131
201606_BolsaFamiliaFolhaPagamento.csv	13849866	256.096457678

Arquivo	Registros	Tempo
201407_BolsaFamiliaFolhaPagamento.csv	14389582	267.266362592
201408_BolsaFamiliaFolhaPagamento.csv	14131123	259.98067856
201409_BolsaFamiliaFolhaPagamento.csv	14143630	259.146660712
201410_BolsaFamiliaFolhaPagamento.csv	14076919	261.957061065
201411_BolsaFamiliaFolhaPagamento.csv	14109947	261.654076947
201412_BolsaFamiliaFolhaPagamento.csv	14054243	256.689287314
201501_BolsaFamiliaFolhaPagamento.csv	14026988	257.367418702
201502_BolsaFamiliaFolhaPagamento.csv	14042558	263.090324402
201503_BolsaFamiliaFolhaPagamento.csv	14004026	255.791126346
201504_BolsaFamiliaFolhaPagamento.csv	13787678	255.360921434
201505_BolsaFamiliaFolhaPagamento.csv	13779988	255.639203199
201506_BolsaFamiliaFolhaPagamento.csv	13753665	256.258308879
201507_BolsaFamiliaFolhaPagamento.csv	13861879	259.134239415
201508_BolsaFamiliaFolhaPagamento.csv	13823829	257.67178761
201509_BolsaFamiliaFolhaPagamento.csv	13912767	258.610070215
201510_BolsaFamiliaFolhaPagamento.csv	14002752	272.800989323
201511_BolsaFamiliaFolhaPagamento.csv	13815096	259.859265853
201512_BolsaFamiliaFolhaPagamento.csv	13980491	258.354684204
201601_BolsaFamiliaFolhaPagamento.csv	14020581	263.589210488
201602_BolsaFamiliaFolhaPagamento.csv	14008965	263.116451225
201603_BolsaFamiliaFolhaPagamento.csv	13868458	256.319101783
201604_BolsaFamiliaFolhaPagamento.csv	13932487	260.44811545
201605_BolsaFamiliaFolhaPagamento.csv	13872465	261.3242851
201606_BolsaFamiliaFolhaPagamento.csv	13849866	258.098752233

